phase,run_id,group,seed,rollout_seed,step,framework_consistency,operator_case,reward,raw_reward,response_length,truncated_ratio,rollout_kl,train_loss,pg_loss,pg_clipfrac,entropy,ppo_kl,grad_norm,mean_abs_dlogp,max_abs_dlogp,mismatch_count,active_token_count,rollout_time,train_time,step_time,update_weights_time,actor_tokens_per_second,actor_train_tflops
convergence,g10-convergence-s1234-tp4-20260901j,G10,1234,1234,0,True,P/P,-3.725290298461914e-09,0.875,6224.5,0.0,0.0,4.0920451283454895e-05,4.0920451283454895e-05,0.00479112658649683,0.2703757882118225,0.0009074220433831215,0.5684469883039317,0.012120857834815979,0.6449768543243408,28793.0,49796.0,66.38983988761902,14.01167893409729,101.14814448356628,15.651453495025635,3664.0339111627586,23.40111855574183
convergence,g10-convergence-s1234-tp4-20260901j,G10,1234,1234,1,True,P/P,0.0,0.75,1872.875,0.0,0.0,0.0003606565296649933,0.0003606565296649933,0.004792533814907074,0.2821452021598816,0.0005411133752204478,1.1886790595964172,0.01283409632742405,0.39875030517578125,9735.0,14983.0,18.011947631835938,5.7568440437316895,43.52386736869812,14.786272048950195,2807.3989566640353,16.566681741745942
convergence,g10-convergence-s1234-tp4-20260901j,G10,1234,1234,2,True,P/P,0.0,0.0,7168.0,1.0,0.0,0.0,0.0,0.0,0.29148590564727783,0.000903440872207284,0.0,0.012715650722384453,0.6922649145126343,33486.0,57344.0,67.59457468986511,6.333472967147827,93.80023503303528,14.855926275253296,9409.472325643894,61.05110863254142
convergence,g10-convergence-s1234-tp4-20260901j,G10,1234,1234,3,True,P/P,0.0,0.5,6640.375,0.375,0.0,0.0001495853066444397,0.0001495853066444397,0.0034133412409573793,0.2758287191390991,0.0006878783460706472,0.5141960051846164,0.012148238718509674,0.7331101894378662,31039.0,53123.0,66.24389886856079,6.377356052398682,92.41868710517883,14.845603227615356,8624.261727074225,55.466679835480456
convergence,g10-convergence-s1234-tp4-20260901j,G10,1234,1234,4,True,P/P,0.0,0.0,7168.0,1.0,0.0,0.0,0.0,0.0,0.33314695954322815,0.0008298142347484827,0.0,0.01418837159872055,0.7521541118621826,40089.0,57344.0,67.38078737258911,6.478285074234009,93.4860508441925,14.828738689422607,9100.38983198467,58.96921216057516
convergence,g10-convergence-s1234-tp4-20260901j,G10,1234,1234,5,True,P/P,0.0,0.0,7168.0,1.0,0.0,0.0,0.0,0.0,0.3323231339454651,0.0007460463675670326,0.0,0.014367220923304558,0.8157639503479004,38351.0,57344.0,67.46892142295837,6.4851953983306885,93.88024520874023,14.826070547103882,9147.095727236167,59.3224393987542
convergence,g10-convergence-s1234-tp4-20260901j,G10,1234,1234,6,True,P/P,0.0,0.0,7168.0,1.0,0.0,0.0,0.0,0.0,0.3847472071647644,0.0011771873105317354,0.0,0.015973418951034546,0.7159717082977295,45156.0,57344.0,67.39624357223511,6.404048681259155,93.97422695159912,15.121649742126465,9222.347001907696,59.77069610880832
convergence,g10-convergence-s1234-tp4-20260901j,G10,1234,1234,7,True,P/P,0.0,0.0,4738.5,0.0,0.0,0.0,0.0,0.0,0.4053499698638916,0.0009968606755137444,0.0,0.014486962929368019,0.7170383930206299,26428.0,37908.0,61.20672917366028,5.4058005809783936,86.41077661514282,14.969678401947021,7317.505746853442,45.65465070301993
convergence,g10-convergence-s1234-tp4-20260901j,G10,1234,1234,8,True,P/P,-3.725290298461914e-09,0.875,4922.5,0.0,0.0,-0.0001212824136018753,-0.0001212824136018753,0.004630363080650568,0.23015181720256805,0.00084553228225559,0.5951896080068688,0.010534742847084999,0.6438437700271606,22203.0,39380.0,50.92466378211975,5.510761260986328,76.49048089981079,15.153024435043335,7382.185963814407,46.07908735354079
convergence,g10-convergence-s1234-tp4-20260901j,G10,1234,1234,9,True,P/P,0.0,0.0,7168.0,1.0,0.0,0.0,0.0,0.0,0.43740057945251465,0.0007440592162311077,0.0,0.016963258385658264,0.7328830361366272,46917.0,57344.0,67.99629330635071,6.38693904876709,94.40991854667664,15.097957134246826,9413.05614001392,61.14723196346941
convergence,g10-convergence-s1234-tp4-20260901j,G10,1234,1234,10,True,P/P,1.4901161193847656e-08,0.375,6353.125,0.5,0.0,0.00014613568782806396,0.00014613568782806396,0.003131676698103547,0.3399895429611206,0.000670980429276824,0.6249132096111497,0.013060002587735653,0.7455546855926514,31557.0,50825.0,65.89491367340088,6.322525978088379,92.1033399105072,15.02694821357727,8294.050973737403,53.11322272563074
convergence,g10-convergence-s1234-tp4-20260901j,G10,1234,1234,11,True,P/P,0.0,0.0,7168.0,1.0,0.0,0.0,0.0,0.0,0.4585250914096832,0.0006513426778838038,0.0,0.01645077019929886,0.6775834560394287,43997.0,57344.0,67.82830953598022,6.348127365112305,94.12309336662292,14.981138229370117,9389.679960044341,60.92995957088571
convergence,g10-convergence-s1234-tp4-20260901j,G10,1234,1234,12,True,P/P,0.0,0.5,4174.375,0.0,0.0,-3.910437226295471e-05,-3.910437226295471e-05,0.00358419306576252,0.2151423692703247,0.0006257632048800588,0.7482235055063424,0.010273435153067112,0.5051577091217041,17010.0,33395.0,45.05213737487793,4.5881593227386475,69.39601612091064,14.856159210205078,7672.172282628071,47.32012025889719
convergence,g10-convergence-s1234-tp4-20260901j,G10,1234,1234,13,True,P/P,-3.725290298461914e-09,0.875,4290.875,0.0,0.0,0.0002124495804309845,0.0002124495804309845,0.0051225051283836365,0.27130717039108276,0.0005801066290587187,0.8109315993254208,0.012389028444886208,0.5364299416542053,21671.0,34327.0,43.18650507926941,4.742377758026123,67.75360441207886,15.117964267730713,7578.966127534194,46.77146280603078
convergence,g10-convergence-s1234-tp4-20260901j,G10,1234,1234,14,True,P/P,-1.4901161193847656e-08,0.625,4237.875,0.0,0.0,0.0003873556852340698,0.0003873556852340698,0.004298387095332146,0.23583880066871643,0.00043751904740929604,0.6870980821888364,0.011153671890497208,0.6332810521125793,19296.0,33903.0,43.96708559989929,5.316413640975952,69.02921891212463,14.891580581665039,6603.241275616848,40.69907780084455
convergence,g10-convergence-s1234-tp4-20260901j,G10,1234,1234,15,True,P/P,0.0,0.0,7168.0,1.0,0.0,0.0,0.0,0.0,0.34094175696372986,0.0007889511180110276,0.0,0.014646660536527634,0.7661538124084473,42189.0,57344.0,67.71523976325989,6.343425512313843,93.75518155097961,14.821417093276978,9327.67241061209,60.4718858665828
convergence,g10-convergence-s1234-tp4-20260901j,G10,1234,1234,16,True,P/P,0.0,0.75,4350.875,0.125,0.0,1.979619264602661e-05,1.979619264602661e-05,0.004776099696755409,0.27704596519470215,0.0009653666638769209,0.6813714006728129,0.012729418464004993,0.5915727615356445,21198.0,34807.0,62.018779277801514,4.737968683242798,86.58805251121521,14.951040029525757,7835.480823613509,48.69035376539358
convergence,g10-convergence-s1234-tp4-20260901j,G10,1234,1234,17,True,P/P,0.0,0.5,5744.125,0.125,0.0,0.00023774057626724243,0.00023774057626724243,0.0036657596938312054,0.2870829105377197,0.000623806961812079,0.5967342020907382,0.012528423219919205,0.7349861860275269,29655.0,45953.0,64.46116399765015,6.235980749130249,90.48583698272705,14.88133692741394,7643.224441381263,48.427231765386196
convergence,g10-convergence-s1234-tp4-20260901j,G10,1234,1234,18,True,P/P,0.0,0.0,7168.0,1.0,0.0,0.0,0.0,0.0,0.24985149502754211,0.0005341017968021333,0.0,0.010709828697144985,0.6611655950546265,31045.0,57344.0,67.51829314231873,6.3801703453063965,94.03099393844604,15.157917022705078,9290.346630981201,60.24428462597861
convergence,g10-convergence-s1234-tp4-20260901j,G10,1234,1234,19,True,P/P,0.0,0.75,4527.25,0.0,0.0,0.0003070533275604248,0.0003070533275604248,0.004181845113635063,0.2931738495826721,0.0006898391293361783,0.6365560311993935,0.012632078491151333,0.61952805519104,22955.0,36218.0,50.636481523513794,5.478410005569458,76.11529660224915,15.098262071609497,6933.442597294526,43.05049417582007
convergence,g10-convergence-s1234-tp4-20260901j,G10,1234,1234,20,True,P/P,1.4901161193847656e-08,0.375,6711.5,0.625,0.0,0.0003246329724788666,0.0003246329724788666,0.003028714098036289,0.2523394525051117,0.0009607656393200159,0.5312549366441127,0.011415356770157814,0.6908265352249146,29414.0,53692.0,66.54918098449707,6.355381011962891,92.98513317108154,15.227828025817871,8745.308141322097,56.334857406725845
convergence,g10-convergence-s1234-tp4-20260901j,G10,1234,1234,21,True,P/P,0.0,0.0,7168.0,1.0,0.0,0.0,0.0,0.0,0.42058873176574707,0.000759697169996798,0.0,0.014996391721069813,0.7838053107261658,42896.0,57344.0,67.45322680473328,6.360701322555542,93.75775361061096,15.068852424621582,9306.348909448629,60.33158585428821
convergence,g10-convergence-s1234-tp4-20260901j,G10,1234,1234,22,True,P/P,0.0,0.0,7168.0,1.0,0.0,0.0,0.0,0.0,0.24330207705497742,0.0005154722603037953,0.0,0.010491483844816685,0.6533262729644775,34671.0,57344.0,67.3405556678772,6.425260305404663,93.64012289047241,14.979021072387695,9175.486146803476,59.451766496438914
convergence,g10-convergence-s1234-tp4-20260901j,G10,1234,1234,23,True,P/P,0.0,0.0,7168.0,1.0,0.0,0.0,0.0,0.0,0.3639666438102722,0.000785493350122124,0.0,0.014399819076061249,0.7272769808769226,39032.0,57344.0,67.44907855987549,6.367808103561401,93.60742592811584,14.909992933273315,9301.364940821186,60.306476170997875
convergence,g10-convergence-s1234-tp4-20260901j,G10,1234,1234,24,True,P/P,-3.725290298461914e-09,0.875,5936.125,0.125,0.0,0.000288182869553566,0.000288182869553566,0.004802369512617588,0.25187551975250244,0.0010903594084084034,0.5948213648911591,0.011529816314578056,0.7873067855834961,27313.0,47489.0,65.37698674201965,6.298056602478027,91.37925720214844,14.841277599334717,8136.341018017501,51.97587203565573
convergence,g10-convergence-s1234-tp4-20260901j,G10,1234,1234,25,True,P/P,-3.725290298461914e-09,0.875,5395.25,0.0,0.0,0.0003207121044397354,0.0003207121044397354,0.004798966459929943,0.2643960118293762,0.0009967524092644453,0.625912572294836,0.011647357605397701,0.6367483139038086,26014.0,43162.0,56.07310223579407,6.219217300415039,82.3099935054779,15.129562139511108,7183.511299445129,45.19522047820603
convergence,g10-convergence-s1234-tp4-20260901j,G10,1234,1234,26,True,P/P,0.0,0.0,7168.0,1.0,0.0,0.0,0.0,0.0,0.284249871969223,0.0007087260019034147,0.0,0.01306111179292202,0.6667622327804565,35369.0,57344.0,67.3579409122467,6.395200252532959,93.74777007102966,15.06612753868103,9215.632416656272,59.718005820502235
convergence,g10-convergence-s1234-tp4-20260901j,G10,1234,1234,27,True,P/P,1.4901161193847656e-08,0.375,6398.875,0.25,0.0,7.593631744384766e-05,7.593631744384766e-05,0.003754957113415003,0.3934386968612671,0.0007342100143432617,0.6641373311683457,0.015292856842279434,0.8349349498748779,35827.0,51191.0,65.6477906703949,6.3069281578063965,91.9380235671997,15.044588327407837,8386.89947716577,53.7040163707761
convergence,g10-convergence-s1234-tp4-20260901j,G10,1234,1234,28,True,P/P,0.0,0.0,7168.0,1.0,0.0,0.0,0.0,0.0,0.22138556838035583,0.0006103095947764814,0.0,0.010613763704895973,0.7080219388008118,30482.0,57344.0,67.78959560394287,6.37563681602478,93.94752788543701,14.877451181411743,9490.94775857754,61.705697221906554
convergence,g10-convergence-s1234-tp4-20260901j,G10,1234,1234,29,True,P/P,0.0,0.0,7168.0,1.0,0.0,0.0,0.0,0.0,0.3695732355117798,0.0012376437662169337,0.0,0.017199477180838585,1.1279423236846924,43859.0,57344.0,67.48557734489441,6.526968240737915,94.05903053283691,15.170441150665283,9073.346014940178,58.83210283115573
convergence,g10-convergence-s1234-tp4-20260901j,G10,1234,1234,30,True,P/P,0.0,1.0,2549.5,0.0,0.0,0.0,0.0,0.0,0.20721665024757385,0.000709145562723279,0.0,0.009911423549056053,0.3120119869709015,9779.0,20396.0,25.343219757080078,2.4734652042388916,47.90480422973633,15.267510890960693,8949.106287818653,53.48815905468905
convergence,g10-convergence-s1234-tp4-20260901j,G10,1234,1234,31,True,P/P,0.0,1.0,5311.5,0.0,0.0,0.0,0.0,0.0,0.22483859956264496,0.0007269021589308977,0.0,0.010751388967037201,0.6687332987785339,22506.0,42492.0,54.75827193260193,6.23038125038147,80.86785864830017,15.21037220954895,7068.439997759417,44.40446181490209
convergence,g10-convergence-s1234-tp4-20260901j,G10,1234,1234,32,True,P/P,0.0,0.0,7168.0,1.0,0.0,0.0,0.0,0.0,0.270622193813324,0.0006680283695459366,0.0,0.012416140176355839,0.7035144567489624,33382.0,57344.0,67.88064384460449,6.3983473777771,94.15135025978088,15.011314630508423,9515.958611658387,61.916715963915046
convergence,g10-convergence-s1234-tp4-20260901j,G10,1234,1234,33,True,P/P,0.0,0.0,7168.0,1.0,0.0,0.0,0.0,0.0,0.24268731474876404,0.0008039348758757114,0.0,0.010907072573900223,0.7081736922264099,31473.0,57344.0,67.73456716537476,6.369226455688477,93.97797203063965,15.146235466003418,9329.540826109478,60.51598387150924
convergence,g10-convergence-s1234-tp4-20260901j,G10,1234,1234,34,True,P/P,0.0,0.5,6628.75,0.5,0.0,4.2691826820373535e-06,4.2691826820373535e-06,0.0033109639771282673,0.24494783580303192,0.0005348019185476005,0.5515517938887827,0.011215727776288986,0.6709189414978027,28017.0,53030.0,66.72232055664062,6.353013277053833,92.72533822059631,14.973822832107544,8884.52621571104,57.31683983301582
convergence,g10-convergence-s1234-tp4-20260901j,G10,1234,1234,35,True,P/P,0.0,0.0,7168.0,1.0,0.0,0.0,0.0,0.0,0.30807313323020935,0.0007465713424608111,0.0,0.013447504490613937,0.6765857338905334,39265.0,57344.0,67.68034791946411,6.356398344039917,94.03023052215576,15.070174932479858,9294.985496478512,60.24866708864331
convergence,g10-convergence-s1234-tp4-20260901j,G10,1234,1234,36,True,P/P,0.0,0.0,7168.0,1.0,0.0,0.0,0.0,0.0,0.27146345376968384,0.0007877630414441228,0.0,0.012432310730218887,0.7376691102981567,32232.0,57344.0,67.34695601463318,6.336257696151733,93.47525548934937,14.998578071594238,9309.136895588663,60.32804008939835
convergence,g10-convergence-s1234-tp4-20260901j,G10,1234,1234,37,True,P/P,0.0,0.0,7168.0,1.0,0.0,0.0,0.0,0.0,0.2860282063484192,0.0006167554529383779,0.0,0.012087345123291016,0.6726268529891968,38384.0,57344.0,67.42448329925537,6.36902928352356,93.96417570114136,15.188588380813599,9325.42207869322,60.486173701666694
convergence,g10-convergence-s1234-tp4-20260901j,G10,1234,1234,38,True,P/P,0.0,0.0,7168.0,1.0,0.0,0.0,0.0,0.0,0.2782611846923828,0.000695729220751673,0.0,0.012096730060875416,0.7536394596099854,34590.0,57344.0,68.10038185119629,6.365238904953003,94.32513403892517,15.004334688186646,9579.810861709631,62.34383217449996
convergence,g10-convergence-s1234-tp4-20260901j,G10,1234,1234,39,True,P/P,0.0,0.0,7168.0,1.0,0.0,0.0,0.0,0.0,0.29391223192214966,0.0007897160248830914,0.0,0.012727180495858192,0.9134600162506104,35866.0,57344.0,67.41058945655823,6.4006102085113525,93.75015377998352,15.068745613098145,9245.643982957565,59.94213540854445
convergence,g10-convergence-s1234-tp4-20260901j,G10,1234,1234,40,True,P/P,1.4901161193847656e-08,0.375,6819.875,0.5,0.0,0.0004830881953239441,0.0004830881953239441,0.003308583050966263,0.25014039874076843,0.0005372173618525267,0.5299652496677567,0.012198736891150475,0.87153160572052,31648.0,54559.0,66.93494820594788,6.3802266120910645,93.26677227020264,14.984029293060303,8914.66793939741,57.549137951648774
convergence,g10-convergence-s1234-tp4-20260901j,G10,1234,1234,41,True,P/P,3.725290298461914e-09,0.125,6868.0,0.875,0.0,0.0003119371831417084,0.0003119371831417084,0.0029573081992566586,0.25413885712623596,0.0008641704334877431,0.5759921812033462,0.011810272932052612,0.8075380325317383,33113.0,54944.0,66.97346782684326,6.3576812744140625,93.18131494522095,14.973583221435547,8945.905789720715,57.80574746442397
convergence,g10-convergence-s1234-tp4-20260901j,G10,1234,1234,42,True,P/P,0.0,0.0,7165.75,0.875,0.0,0.0,0.0,0.0,0.3768514394760132,0.0006598061881959438,0.0,0.014488877728581429,0.7221826314926147,39612.0,57326.0,67.3595335483551,6.3213050365448,94.62271332740784,14.997324705123901,9425.998263977033,61.162247404827674
convergence,g10-convergence-s1234-tp4-20260901j,G10,1234,1234,43,True,P/P,3.725290298461914e-09,0.125,7052.0,0.875,0.0,3.729574382305145e-05,3.729574382305145e-05,0.002978515811264515,0.3057391941547394,0.0006695918855257332,0.5148845326503656,0.01412786915898323,0.7158371210098267,34723.0,56416.0,67.14346051216125,6.485588550567627,93.62628316879272,15.074557304382324,8980.454105249224,58.123624461271014
convergence,g10-convergence-s1234-tp4-20260901j,G10,1234,1234,44,True,P/P,0.0,1.0,4179.5,0.0,0.0,0.0,0.0,0.0,0.2068227082490921,0.0008308816468343139,0.0,0.010345418006181717,0.5491979122161865,16073.0,33436.0,45.593576192855835,4.588877439498901,70.05687832832336,15.082818508148193,7624.88939700639,46.980004339261015
convergence,g10-convergence-s1234-tp4-20260901j,G10,1234,1234,45,True,P/P,0.0,1.0,5467.125,0.0,0.0,0.0,0.0,0.0,0.19777163863182068,0.0008107761386781931,0.0,0.009436438791453838,0.7277637124061584,21563.0,43737.0,58.08453059196472,6.27031135559082,84.90361189842224,15.736234188079834,7257.745257757198,45.76329974769817
convergence,g10-convergence-s1234-tp4-20260901j,G10,1234,1234,46,True,P/P,1.4901161193847656e-08,0.375,6648.25,0.625,0.0,0.00020582973957061768,0.00020582973957061768,0.003618717659264803,0.314630925655365,0.0009237479534931481,0.6064977208587643,0.013668986968696117,0.7044045925140381,35492.0,53186.0,66.36095762252808,6.325867176055908,92.73200869560242,15.137802362442017,8686.330379661544,55.92948853286966
convergence,g10-convergence-s1234-tp4-20260901j,G10,1234,1234,47,True,P/P,3.725290298461914e-09,0.125,7126.25,0.875,0.0,0.00013535842299461365,0.00013535842299461365,0.0027693971060216427,0.42261332273483276,0.0007535129552707076,0.5918395527473749,0.01701831817626953,0.7283152341842651,42981.0,57010.0,67.75252676010132,6.369811296463013,94.2602710723877,15.044878482818604,9346.259622985497,60.641910378338565
convergence,g10-convergence-s1234-tp4-20260901j,G10,1234,1234,48,True,P/P,0.0,0.0,7168.0,1.0,0.0,0.0,0.0,0.0,0.47952818870544434,0.0006161052733659744,0.0,0.015877891331911087,0.6626149415969849,46377.0,57344.0,67.5626118183136,6.357044219970703,93.77983283996582,14.993746995925903,9362.21846040489,60.74140708074354
convergence,g10-convergence-s1234-tp4-20260901j,G10,1234,1234,49,True,P/P,0.0,0.0,7168.0,1.0,0.0,0.0,0.0,0.0,0.29638099670410156,0.000947827473282814,0.0,0.013257095590233803,0.6850106120109558,35343.0,57344.0,67.37736177444458,6.392014980316162,93.6281807422638,15.063201904296875,9223.710591444718,59.77137308213693
convergence,g10-convergence-s1234-tp4-20260901j,G10,1234,1234,50,True,P/P,0.0,0.0,7168.0,1.0,0.0,0.0,0.0,0.0,0.2594350576400757,0.0007713806116953492,0.0,0.01235903799533844,0.7498743534088135,31943.0,57344.0,67.62307953834534,6.333682060241699,93.93626046180725,14.989206075668335,9332.352731252433,60.49500409427063
convergence,g10-convergence-s1234-tp4-20260901j,G10,1234,1234,51,True,P/P,0.0,0.0,7168.0,1.0,0.0,0.0,0.0,0.0,0.2508096694946289,0.0009767418960109353,0.0,0.011743410490453243,0.7691302299499512,30754.0,57344.0,67.28418636322021,6.369722127914429,93.82317733764648,15.303053855895996,9230.259772907475,59.7933971475037
convergence,g10-convergence-s1234-tp4-20260901j,G10,1234,1234,52,True,P/P,0.0,0.0,7168.0,1.0,0.0,0.0,0.0,0.0,0.26666396856307983,0.0008693314157426357,0.0,0.01264298614114523,0.7149931192398071,33782.0,57344.0,67.71640610694885,6.371352434158325,93.83361625671387,14.990099906921387,9269.330195777808,60.0813482596744
convergence,g10-convergence-s1234-tp4-20260901j,G10,1234,1234,53,True,P/P,0.0,1.0,5233.5,0.0,0.0,0.0,0.0,0.0,0.23909378051757812,0.0008377513149753213,0.0,0.011449085548520088,0.7537249326705933,21770.0,41868.0,52.469178915023804,6.257869720458984,78.8018491268158,15.135361433029175,6905.171236126931,43.302127417388206
convergence,g10-convergence-s1234-tp4-20260901j,G10,1234,1234,54,True,P/P,0.0,0.0,7168.0,1.0,0.0,0.0,0.0,0.0,0.28538092970848083,0.0008234899141825736,0.0,0.013129748404026031,0.7198138236999512,38231.0,57344.0,67.50475215911865,6.443543195724487,93.90998101234436,15.054537773132324,9203.433604169111,59.685776580657645
convergence,g10-convergence-s1234-tp4-20260901j,G10,1234,1234,55,True,P/P,0.0,0.75,6677.75,0.25,0.0,-0.00026410818099975586,-0.00026410818099975586,0.005386143922805786,0.2663571238517761,0.0009096003486774862,0.521946248884377,0.012554297223687172,0.7343463897705078,28903.0,53422.0,65.9813277721405,6.370711326599121,92.42027711868286,15.168467283248901,8618.754613021312,55.395723324670335
convergence,g10-convergence-s1234-tp4-20260901j,G10,1234,1234,56,True,P/P,0.0,0.75,5243.125,0.25,0.0,0.000331193208694458,0.000331193208694458,0.0037555256858468056,0.18771588802337646,0.00043148433906026185,0.5189496276699032,0.009228058159351349,0.71006178855896,18917.0,41945.0,63.95794081687927,5.428218841552734,89.30646991729736,15.010161638259888,8047.684730199778,50.808059036030244
convergence,g10-convergence-s1234-tp4-20260901j,G10,1234,1234,57,True,P/P,0.0,1.0,3335.75,0.0,0.0,0.0,0.0,0.0,0.24421292543411255,0.0006768715684302151,0.0,0.012128313072025776,0.4239920377731323,15431.0,26686.0,32.396788358688354,3.2927286624908447,55.692744731903076,15.113965272903442,8657.349169927984,52.49058081852197
convergence,g10-convergence-s1234-tp4-20260901j,G10,1234,1234,58,True,P/P,0.0,1.0,5181.625,0.0,0.0,0.0,0.0,0.0,0.2310042679309845,0.0008368862909264863,0.0,0.010792052373290062,0.5970793962478638,21315.0,41453.0,56.80596470832825,5.50947904586792,82.09441423416138,15.05582308769226,7861.800115470691,49.40792635743914
convergence,g10-convergence-s1234-tp4-20260901j,G10,1234,1234,59,True,P/P,0.0,1.0,5421.875,0.0,0.0,0.0,0.0,0.0,0.21457432210445404,0.0009814996737986803,0.0,0.010522632859647274,0.7265615463256836,22194.0,43375.0,56.95116090774536,6.271579027175903,83.14483404159546,15.092703580856323,7230.100430063068,45.553877405776426
convergence,g10-convergence-s1234-tp4-20260901j,G10,1234,1234,60,True,P/P,0.0,0.0,7168.0,1.0,0.0,0.0,0.0,0.0,0.2874848544597626,0.0008291081758216023,0.0,0.013705053366720676,0.9079194664955139,36965.0,57344.0,67.52107119560242,6.44205379486084,93.89828491210938,15.134571075439453,9239.47325673072,59.94606674666258
convergence,g10-convergence-s1234-tp4-20260901j,G10,1234,1234,61,True,P/P,3.725290298461914e-09,0.125,7130.5,0.875,0.0,0.00015364587306976318,0.00015364587306976318,0.0028858319856226444,0.322539746761322,0.0006234465981833637,0.5457902504271389,0.0141767468303442,0.7929098010063171,38669.0,57044.0,67.48453283309937,6.356516361236572,94.40430998802185,15.311083793640137,9340.478188637007,60.58160343609727
convergence,g10-convergence-s1234-tp4-20260901j,G10,1234,1234,62,True,P/P,0.0,0.0,7168.0,1.0,0.0,0.0,0.0,0.0,0.3531469702720642,0.0007891095010563731,0.0,0.015959134325385094,0.755255937576294,39392.0,57344.0,67.7796242237091,6.358715534210205,94.46851587295532,15.388328790664673,9512.605417068153,61.84124508371341
convergence,g10-convergence-s1234-tp4-20260901j,G10,1234,1234,63,True,P/P,0.0,0.0,7168.0,1.0,0.0,0.0,0.0,0.0,0.34104862809181213,0.001190597889944911,0.0,0.016013741493225098,0.742705225944519,41928.0,57344.0,67.47012829780579,6.372115850448608,93.99813866615295,15.13271713256836,9296.272028548108,60.27756805806605
convergence,g10-convergence-s1234-tp4-20260901j,G10,1234,1234,64,True,P/P,0.0,0.0,7168.0,1.0,0.0,0.0,0.0,0.0,0.3318078815937042,0.0011185111943632364,0.0,0.015093645080924034,0.6923420429229736,41591.0,57344.0,67.63527059555054,6.376891136169434,94.16206693649292,15.214966297149658,9239.556117490467,59.87098959726776
convergence,g10-convergence-s1234-tp4-20260901j,G10,1234,1234,65,True,P/P,0.0,0.0,7168.0,1.0,0.0,0.0,0.0,0.0,0.31942218542099,0.000817720138002187,0.0,0.014478446915745735,0.7410677671432495,38154.0,57344.0,67.45664286613464,6.340852975845337,93.7758355140686,15.091269254684448,9364.131274775244,60.73414092213436
convergence,g10-convergence-s1234-tp4-20260901j,G10,1234,1234,66,True,P/P,0.0,1.0,5184.25,0.0,0.0,0.0,0.0,0.0,0.2977432608604431,0.0010779425501823425,0.0,0.014307957142591476,0.7934126853942871,26329.0,41474.0,56.170511960983276,6.304281234741211,82.49020171165466,15.16488265991211,6917.932369192023,43.44208886189577
convergence,g10-convergence-s1234-tp4-20260901j,G10,1234,1234,67,True,P/P,1.4901161193847656e-08,0.375,6906.125,0.625,0.0,-1.7605721950531006e-05,-1.7605721950531006e-05,0.003012950997799635,0.20642954111099243,0.0005201281164772809,0.505730748853425,0.009977955371141434,0.8390500545501709,27317.0,55249.0,66.8147840499878,6.344203472137451,93.36304473876953,15.265349388122559,9037.267023738159,58.38128806050065
convergence,g10-convergence-s1234-tp4-20260901j,G10,1234,1234,68,True,P/P,0.0,0.0,7168.0,1.0,0.0,0.0,0.0,0.0,0.40800905227661133,0.0009083639015443623,0.0,0.015391799621284008,0.8063873648643494,39677.0,57344.0,67.70261430740356,6.374029636383057,94.3294529914856,15.257869005203247,9407.49045459393,61.08610782315811
convergence,g10-convergence-s1234-tp4-20260901j,G10,1234,1234,69,True,P/P,0.0,0.0,7168.0,1.0,0.0,0.0,0.0,0.0,0.3426581621170044,0.0007669199840165675,0.0,0.01561337523162365,0.8409221172332764,40966.0,57344.0,67.73448967933655,6.368502855300903,94.23263359069824,15.148190021514893,9290.456176465175,60.22958323389484
convergence,g10-convergence-s1234-tp4-20260901j,G10,1234,1234,70,True,P/P,0.0,1.0,3451.5,0.0,0.0,0.0,0.0,0.0,0.22270476818084717,0.0003573326685000211,0.0,0.010563607327640057,0.38571321964263916,13941.0,27612.0,36.543121099472046,3.2321152687072754,59.970720052719116,15.195897102355957,9077.115424428282,55.23636442884131
convergence,g10-convergence-s1234-tp4-20260901j,G10,1234,1234,71,True,P/P,0.0,0.25,6849.75,0.75,0.0,0.00013498961925506592,0.00013498961925506592,0.0038289539515972137,0.30832812190055847,0.0012091277167201042,0.6333301687370676,0.014399094507098198,0.7864307165145874,36712.0,54798.0,66.84653806686401,6.351085424423218,93.21266031265259,15.115710735321045,8915.396384112533,57.5451130522199
convergence,g10-convergence-s1234-tp4-20260901j,G10,1234,1234,72,True,P/P,0.0,0.0,7168.0,1.0,0.0,0.0,0.0,0.0,0.24538514018058777,0.0007454284350387752,0.0,0.011631857603788376,0.7179243564605713,32049.0,57344.0,67.89812135696411,6.35034441947937,94.44485402107239,15.026439189910889,9427.782840969976,61.20848961016192
convergence,g10-convergence-s1234-tp4-20260901j,G10,1234,1234,73,True,P/P,-1.4901161193847656e-08,0.625,6320.0,0.375,0.0,0.00024543702602386475,0.00024543702602386475,0.00435059517621994,0.30234283208847046,0.0007018998730927706,0.5793996111468537,0.013330023735761642,0.7841492891311646,32889.0,50560.0,65.85671305656433,6.281113386154175,92.14855670928955,15.059760570526123,8402.240008054876,53.85327575990681
convergence,g10-convergence-s1234-tp4-20260901j,G10,1234,1234,74,True,P/P,-3.725290298461914e-09,0.875,4209.0,0.0,0.0,-9.070895612239838e-05,-9.070895612239838e-05,0.004914691671729088,0.22938336431980133,0.0009615623275749385,0.7480114960832521,0.011085063219070435,0.642704963684082,17099.0,33672.0,57.405741453170776,3.9923715591430664,81.42496538162231,15.105658054351807,8934.295046695432,55.26404855721005
convergence,g10-convergence-s1234-tp4-20260901j,G10,1234,1234,75,True,P/P,0.0,0.25,6717.375,0.375,0.0,0.00027301907539367676,0.00027301907539367676,0.003536336123943329,0.29691582918167114,0.0009919428266584873,0.6048217515977958,0.013966390863060951,0.9174409508705139,33047.0,53739.0,67.52310752868652,6.301604509353638,93.81405210494995,15.10212779045105,9359.421313553998,60.68632712076373
convergence,g10-convergence-s1234-tp4-20260901j,G10,1234,1234,76,True,P/P,0.0,0.0,7168.0,1.0,0.0,0.0,0.0,0.0,0.28536003828048706,0.0010829069651663303,0.0,0.014203024096786976,0.7892655730247498,36181.0,57344.0,67.58572125434875,6.306264162063599,93.90244245529175,15.071896076202393,9470.896061795922,61.47268475763268
convergence,g10-convergence-s1234-tp4-20260901j,G10,1234,1234,77,True,P/P,0.0,0.0,7168.0,1.0,0.0,0.0,0.0,0.0,0.2768442928791046,0.0008173760725185275,0.0,0.012953069992363453,0.8070613145828247,37758.0,57344.0,67.77657151222229,6.313199758529663,94.1372721195221,15.038735628128052,9434.212207099263,61.212670779231296
convergence,g10-convergence-s1234-tp4-20260901j,G10,1234,1234,78,True,P/P,1.4901161193847656e-08,0.375,6907.875,0.625,0.0,4.710257053375244e-05,4.710257053375244e-05,0.00345963379368186,0.4023745656013489,0.0008983981679193676,0.6182430753185115,0.016065331175923347,0.6866913437843323,39257.0,55263.0,66.95761704444885,6.293524265289307,93.4561288356781,15.171188592910767,9157.797593029287,59.206008653750295
convergence,g10-convergence-s1234-tp4-20260901j,G10,1234,1234,79,True,P/P,0.0,1.0,5177.0,0.0,0.0,0.0,0.0,0.0,0.2582058906555176,0.000961288926191628,0.0,0.012080110609531403,0.7023210525512695,24337.0,41416.0,62.360743284225464,6.189118146896362,88.55841255187988,15.11869192123413,6906.81262205094,43.33693299438297
convergence,g10-convergence-s1234-tp4-20260901j,G10,1234,1234,80,True,P/P,0.0,0.0,7168.0,1.0,0.0,0.0,0.0,0.0,0.27567991614341736,0.0006376994424499571,0.0,0.013767771422863007,0.7610621452331543,34702.0,57344.0,67.7992639541626,6.317007064819336,94.24509692192078,15.112595319747925,9399.697099385892,60.96481472844181
convergence,g10-convergence-s1234-tp4-20260901j,G10,1234,1234,81,True,P/P,0.0,1.0,3255.625,0.0,0.0,0.0,0.0,0.0,0.20142816007137299,0.0008714735740795732,0.0,0.00992856826633215,0.355027437210083,13286.0,26045.0,30.744930505752563,3.2266063690185547,54.27278137207031,15.229177713394165,8593.600617886697,52.01685037529812
convergence,g10-convergence-s1234-tp4-20260901j,G10,1234,1234,82,True,P/P,0.0,0.0,7168.0,1.0,0.0,0.0,0.0,0.0,0.3487071692943573,0.0010963281383737922,0.0,0.016134493052959442,0.7537202835083008,40329.0,57344.0,67.49972295761108,6.347830772399902,94.03335332870483,15.157233953475952,9315.455241823478,60.3885603349791
convergence,g10-convergence-s1234-tp4-20260901j,G10,1234,1234,83,True,P/P,0.0,0.0,7168.0,1.0,0.0,0.0,0.0,0.0,0.4032915234565735,0.001041030278429389,0.0,0.015653368085622787,0.8212316036224365,41023.0,57344.0,67.78195571899414,6.405786514282227,94.27942323684692,15.172584772109985,9285.850097761542,60.23258434935497
convergence,g10-convergence-s1234-tp4-20260901j,G10,1234,1234,84,True,P/P,0.0,0.0,7168.0,1.0,0.0,0.0,0.0,0.0,0.5525314211845398,0.000841391971334815,0.0,0.018820416182279587,0.7246725559234619,51533.0,57344.0,67.52990913391113,6.367157220840454,93.97012305259705,15.087298154830933,9347.769370289576,60.64662862387802
convergence,g10-convergence-s1234-tp4-20260901j,G10,1234,1234,85,True,P/P,0.0,0.0,7168.0,1.0,0.0,0.0,0.0,0.0,0.32111823558807373,0.0008562636794522405,0.0,0.014897716231644154,1.1041171550750732,37946.0,57344.0,67.629967212677,6.333343744277954,93.9117419719696,15.01301097869873,9460.640424939087,61.43018279714903
convergence,g10-convergence-s1234-tp4-20260901j,G10,1234,1234,86,True,P/P,0.0,0.0,7168.0,1.0,0.0,0.0,0.0,0.0,0.289934366941452,0.0007786848582327366,0.0,0.014075987972319126,0.7617355585098267,34927.0,57344.0,67.6239824295044,6.329829931259155,94.09118723869324,15.05236268043518,9296.541507799227,60.22996546750563
convergence,g10-convergence-s1234-tp4-20260901j,G10,1234,1234,87,True,P/P,0.0,0.0,7168.0,1.0,0.0,0.0,0.0,0.0,0.32439881563186646,0.0010151541791856289,0.0,0.01591780036687851,0.8044065237045288,39168.0,57344.0,67.56782031059265,6.456043004989624,93.99975967407227,15.061241388320923,9238.87835011852,59.957533159626486
convergence,g10-convergence-s1234-tp4-20260901j,G10,1234,1234,88,True,P/P,0.0,0.0,7168.0,1.0,0.0,0.0,0.0,0.0,0.22830970585346222,0.0005531225469894707,0.0,0.011596232652664185,0.8259167671203613,31588.0,57344.0,67.85029101371765,6.373074293136597,94.26994061470032,15.085735321044922,9392.487340235473,60.98037751126591
convergence,g10-convergence-s1234-tp4-20260901j,G10,1234,1234,89,True,P/P,-3.725290298461914e-09,0.875,6284.75,0.25,0.0,0.00022034719586372375,0.00022034719586372375,0.007445703260600567,0.34967494010925293,0.001077240682207048,0.6236411103969806,0.01632785052061081,0.768391489982605,34120.0,50278.0,65.53394746780396,6.3353705406188965,91.96562623977661,15.057074069976807,8182.328637147139,52.29276347426315
convergence,g10-convergence-s1234-tp4-20260901j,G10,1234,1234,90,True,P/P,0.0,0.0,7168.0,1.0,0.0,0.0,0.0,0.0,0.24793218076229095,0.0008368950802832842,0.0,0.011843780055642128,0.9270305633544922,32491.0,57344.0,67.5321147441864,6.359710693359375,93.86002683639526,15.07808804512024,9352.915803157042,60.675880314248495
convergence,g10-convergence-s1234-tp4-20260901j,G10,1234,1234,91,True,P/P,0.0,0.5,6485.5,0.25,0.0,0.0002458207309246063,0.0002458207309246063,0.003156268037855625,0.45404618978500366,0.0007038084440864623,0.6737294442716021,0.015728330239653587,0.6842485070228577,42019.0,51884.0,65.98905062675476,6.336275577545166,92.34740161895752,15.068203687667847,8527.996623432944,54.7612074184069
convergence,g10-convergence-s1234-tp4-20260901j,G10,1234,1234,92,True,P/P,0.0,0.0,7168.0,1.0,0.0,0.0,0.0,0.0,0.3222174644470215,0.0007807333022356033,0.0,0.01512668002396822,0.8013651371002197,40439.0,57344.0,67.52010416984558,6.418318510055542,94.03331065177917,15.12215781211853,9232.706519840453,59.8684687961251
convergence,g10-convergence-s1234-tp4-20260901j,G10,1234,1234,93,True,P/P,-3.725290298461914e-09,0.875,3809.125,0.125,0.0,0.0002673100680112839,0.0002673100680112839,0.00449429452419281,0.20175130665302277,0.0005862729740329087,0.630310292048599,0.010278457775712013,0.5403860807418823,15341.0,30473.0,60.92590284347534,4.01291298866272,85.12385177612305,15.196085453033447,7996.14734302801,49.35822604085398
convergence,g10-convergence-s1234-tp4-20260901j,G10,1234,1234,94,True,P/P,1.4901161193847656e-08,0.375,7073.5,0.625,0.0,0.00010643899440765381,0.00010643899440765381,0.0029509635642170906,0.20436625182628632,0.0006970911053940654,0.47853547658419515,0.009630871005356312,0.9365644454956055,27989.0,56588.0,67.21600699424744,6.381656169891357,93.82421565055847,15.305514335632324,9102.918854973526,58.88087864747597
convergence,g10-convergence-s1234-tp4-20260901j,G10,1234,1234,95,True,P/P,3.725290298461914e-09,0.125,7157.75,0.875,0.0,0.00011398456990718842,0.00011398456990718842,0.00274492590688169,0.22009414434432983,0.00035898119676858187,0.47746923829398313,0.010730587877333164,0.775492787361145,31519.0,57262.0,67.24652791023254,6.37655234336853,93.88536214828491,15.288172721862793,9246.616695763058,59.91249860326271
convergence,g10-convergence-s1234-tp4-20260901j,G10,1234,1234,96,True,P/P,0.0,1.0,5302.625,0.0,0.0,0.0,0.0,0.0,0.3616517186164856,0.0010625217109918594,0.0,0.015830131247639656,0.9405617117881775,29110.0,42421.0,53.95995593070984,6.334820985794067,80.3621711730957,15.137881517410278,6979.458244479836,43.87306495291692
convergence,g10-convergence-s1234-tp4-20260901j,G10,1234,1234,97,True,P/P,0.0,0.25,6841.25,0.625,0.0,6.068870425224304e-05,6.068870425224304e-05,0.003941177856177092,0.3091956675052643,0.0008720500627532601,0.599975474174233,0.014346808195114136,0.7740021347999573,34134.0,54730.0,66.60762047767639,6.390402317047119,93.18908071517944,15.058161497116089,8837.694836735485,57.00664937199882
convergence,g10-convergence-s1234-tp4-20260901j,G10,1234,1234,98,True,P/P,0.0,0.5,6676.0,0.5,0.0,0.000473756343126297,0.000473756343126297,0.0033199626486748457,0.1819540560245514,0.0008638116996735334,0.5889159731164741,0.00939169991761446,0.8200641870498657,23144.0,53408.0,66.35380601882935,6.359963417053223,92.71371531486511,14.873374938964844,8675.044479292574,55.82637257947092
convergence,g10-convergence-s1234-tp4-20260901j,G10,1234,1234,99,True,P/P,0.0,0.0,7168.0,1.0,0.0,0.0,0.0,0.0,0.25524458289146423,0.0007820262690074742,0.0,0.012559186667203903,0.9112148284912109,31755.0,57344.0,67.75846457481384,6.343771696090698,93.99711084365845,15.032795906066895,9363.941569894354,60.737052837089465
convergence,g10-convergence-s1234-tp4-20260901j,G10,1234,1234,100,True,P/P,0.0,0.0,7168.0,1.0,0.0,0.0,0.0,0.0,0.21459826827049255,0.0005396216874942183,0.0,0.01118271891027689,0.7919857501983643,29023.0,57344.0,67.38548970222473,6.364102602005005,93.77971887588501,15.03586745262146,9299.426136055086,60.289791937350884
convergence,g10-convergence-s1234-tp4-20260901j,G10,1234,1234,101,True,P/P,0.0,0.0,7168.0,1.0,0.0,0.0,0.0,0.0,0.3231019973754883,0.0008840380469337106,0.0,0.015511088073253632,0.8265482187271118,37437.0,57344.0,67.53284502029419,6.410966157913208,94.14853549003601,15.202080726623535,9305.71540023192,60.39334372574686
convergence,g10-convergence-s1234-tp4-20260901j,G10,1234,1234,102,True,P/P,0.0,0.0,6704.75,0.5,0.0,0.0,0.0,0.0,0.15616990625858307,0.0005610703956335783,0.0,0.008077564649283886,0.745896577835083,21511.0,53638.0,66.41035842895508,6.318365573883057,92.99974870681763,15.219489812850952,8784.936212151397,56.59112039225815
convergence,g10-convergence-s1234-tp4-20260901j,G10,1234,1234,103,True,P/P,0.0,0.25,7044.75,0.75,0.0,3.750622272491455e-05,3.750622272491455e-05,0.0036741215735673904,0.22662468254566193,0.0006427011685445905,1.2974886533942986,0.011584131047129631,0.8680052161216736,31310.0,56358.0,67.41820883750916,6.352008581161499,93.86368584632874,15.158912181854248,9380.84729682628,60.87674688828737
convergence,g10-convergence-s1234-tp4-20260901j,G10,1234,1234,104,True,P/P,0.0,0.0,7168.0,1.0,0.0,0.0,0.0,0.0,0.2581730782985687,0.0008885071729309857,0.0,0.012260248884558678,0.716458797454834,31777.0,57344.0,67.9188084602356,6.328139781951904,94.42959809303284,15.201119184494019,9387.820814126702,60.891940061430205
convergence,g10-convergence-s1234-tp4-20260901j,G10,1234,1234,105,True,P/P,0.0,0.75,6231.625,0.25,0.0,0.00018107891082763672,0.00018107891082763672,0.006084096617996693,0.26297760009765625,0.0009297077194787562,0.7220760181171657,0.013475578278303146,0.8152446150779724,30230.0,49853.0,65.60352110862732,6.345219850540161,92.21387934684753,15.295037984848022,8215.192837603761,52.545168176605
convergence,g10-convergence-s1234-tp4-20260901j,G10,1234,1234,106,True,P/P,3.725290298461914e-09,0.125,7119.5,0.875,0.0,0.00024863891303539276,0.00024863891303539276,0.003051809500902891,0.3428218960762024,0.0009720748639665544,0.5868321772624211,0.01460409164428711,0.7211999893188477,39823.0,56956.0,67.5756254196167,6.3554160594940186,94.30917835235596,15.128238201141357,9254.628141536003,59.947951586349596
convergence,g10-convergence-s1234-tp4-20260901j,G10,1234,1234,107,True,P/P,0.0,1.0,4053.75,0.0,0.0,0.0,0.0,0.0,0.18050113320350647,0.0009462847374379635,0.0,0.009583141654729843,0.6617510914802551,15023.0,32430.0,42.88018274307251,4.004113674163818,66.78155517578125,15.027718782424927,8432.684251894107,51.784800014998936
convergence,g10-convergence-s1234-tp4-20260901j,G10,1234,1234,108,True,P/P,0.0,1.0,2943.625,0.0,0.0,0.0,0.0,0.0,0.12977071106433868,0.0005963249132037163,0.0,0.006788601167500019,0.35369646549224854,8585.0,23549.0,30.756223917007446,3.1332974433898926,53.8142511844635,15.030449628829956,7962.532227259259,47.95946219278491
convergence,g10-convergence-s1234-tp4-20260901j,G10,1234,1234,109,True,P/P,1.4901161193847656e-08,0.375,6727.625,0.625,0.0,0.00047989189624786377,0.00047989189624786377,0.004445475526154041,0.2655128240585327,0.0009601892670616508,0.6786154041704476,0.012863274663686752,0.9146977066993713,29432.0,53821.0,66.6486144065857,6.389866590499878,93.18601536750793,15.336591482162476,8744.384434875823,56.37552647138486
convergence,g10-convergence-s1234-tp4-20260901j,G10,1234,1234,110,True,P/P,0.0,0.0,7168.0,1.0,0.0,0.0,0.0,0.0,0.22396065294742584,0.0005007424624636769,0.0,0.011492710560560226,0.8535133004188538,29744.0,57344.0,67.79088234901428,6.389566659927368,94.32488322257996,15.270131349563599,9320.33496498645,60.47173145220219
convergence,g10-convergence-s1234-tp4-20260901j,G10,1234,1234,111,True,P/P,0.0,0.0,7168.0,1.0,0.0,0.0,0.0,0.0,0.3294116258621216,0.0009693795000202954,0.0,0.01510331779718399,0.7086734771728516,37289.0,57344.0,67.65007615089417,6.417985916137695,94.37420177459717,15.279042720794678,9358.778743306617,60.782225810593296
convergence,g10-convergence-s1234-tp4-20260901j,G10,1234,1234,112,True,P/P,0.0,1.0,3824.625,0.0,0.0,0.0,0.0,0.0,0.16740870475769043,0.0006907394854351878,0.0,0.008181029930710793,0.5028310418128967,14014.0,30597.0,38.695157051086426,3.8263845443725586,62.64647150039673,15.135695219039917,8424.66643842618,51.53686315828813
convergence,g10-convergence-s1234-tp4-20260901j,G10,1234,1234,113,True,P/P,1.4901161193847656e-08,0.375,7022.625,0.625,0.0,4.380941390991211e-05,4.380941390991211e-05,0.004547429271042347,0.24836452305316925,0.0011233146069571376,0.6007962734690347,0.012330872938036919,0.7677915692329407,29958.0,56181.0,66.79024291038513,6.401947021484375,93.38442349433899,15.237576246261597,9002.729715408916,58.179181615721355
convergence,g10-convergence-s1234-tp4-20260901j,G10,1234,1234,114,True,P/P,0.0,0.0,7168.0,1.0,0.0,0.0,0.0,0.0,0.2899550199508667,0.0008754355367273092,0.0,0.013584412634372711,0.838972270488739,34625.0,57344.0,67.53426337242126,6.391494274139404,94.10552191734314,15.186551332473755,9341.159998668036,60.62131020074859
convergence,g10-convergence-s1234-tp4-20260901j,G10,1234,1234,115,True,P/P,0.0,0.0,7168.0,1.0,0.0,0.0,0.0,0.0,0.3727809190750122,0.0009608711116015911,0.0,0.01832321099936962,0.8680381178855896,44823.0,57344.0,67.8729989528656,6.396614074707031,94.66840243339539,15.176841020584106,9324.121886320794,60.503519778931775
convergence,g10-convergence-s1234-tp4-20260901j,G10,1234,1234,116,True,P/P,0.0,0.0,7168.0,1.0,0.0,0.0,0.0,0.0,0.2120274007320404,0.0007585033308714628,0.0,0.011088858358561993,0.9034280776977539,26632.0,57344.0,67.5569269657135,6.382016897201538,94.16959118843079,15.221373796463013,9363.599825259678,60.77418667994555
convergence,g10-convergence-s1234-tp4-20260901j,G10,1234,1234,117,True,P/P,0.0,0.0,7168.0,1.0,0.0,0.0,0.0,0.0,0.26867133378982544,0.0008386123226955533,0.0,0.012352518737316132,0.7651790976524353,31529.0,57344.0,67.49231600761414,6.358332395553589,93.95627737045288,15.119542121887207,9365.037978581928,60.75555712089617
convergence,g10-convergence-s1234-tp4-20260901j,G10,1234,1234,118,True,P/P,-1.4901161193847656e-08,0.625,6473.375,0.375,0.0,9.848177433013916e-05,9.848177433013916e-05,0.0037386524491012096,0.18658193945884705,0.0007126008276827633,0.5406107024137897,0.00965781882405281,0.806789755821228,24270.0,51787.0,65.89793968200684,6.412827730178833,92.288747549057,15.112858295440674,8355.86437487944,53.58953390881044
convergence,g10-convergence-s1234-tp4-20260901j,G10,1234,1234,119,True,P/P,0.0,1.0,3175.625,0.0,0.0,0.0,0.0,0.0,0.15957479178905487,0.0008452131878584623,0.0,0.00831315666437149,0.4673055410385132,10883.0,25405.0,34.21227788925171,3.2686314582824707,57.39112305641174,14.98010778427124,8411.48361176403,50.89627663260414
convergence,g10-convergence-s1234-tp4-20260901j,G10,1234,1234,120,True,P/P,0.0,0.0,7168.0,1.0,0.0,0.0,0.0,0.0,0.19870617985725403,0.0008531083585694432,0.0,0.010987568646669388,0.9920612573623657,27750.0,57344.0,67.35731172561646,6.444689512252808,93.73879480361938,15.02696704864502,9142.49833735049,59.23499158531836
convergence,g10-convergence-s1234-tp4-20260901j,G10,1234,1234,121,True,P/P,0.0,0.0,7168.0,1.0,0.0,0.0,0.0,0.0,0.2698844373226166,0.0008366795955225825,0.0,0.01390913873910904,0.7911263704299927,33319.0,57344.0,67.63070464134216,6.393565654754639,94.00140118598938,15.00385570526123,9217.104504000712,59.7244870454866
convergence,g10-convergence-s1234-tp4-20260901j,G10,1234,1234,122,True,P/P,0.0,1.0,3401.0,0.0,0.0,0.0,0.0,0.0,0.1408957988023758,0.0006220638751983643,0.0,0.007766854949295521,0.43279772996902466,10426.0,27208.0,45.714789628982544,3.227693796157837,68.98838329315186,15.232011318206787,9002.738171117528,55.005750314176346
convergence,g10-convergence-s1234-tp4-20260901j,G10,1234,1234,123,True,P/P,-1.4901161193847656e-08,0.625,6797.0,0.375,0.0,-0.00020376592874526978,-0.00020376592874526978,0.004046706482768059,0.2049463987350464,0.0006638794438913465,0.5639818065123509,0.010217580944299698,0.7826426029205322,27920.0,54376.0,66.32177448272705,6.3992133140563965,92.87898397445679,15.191540479660034,8761.464086220309,56.44788420988028
convergence,g10-convergence-s1234-tp4-20260901j,G10,1234,1234,124,True,P/P,0.0,0.0,7168.0,1.0,0.0,0.0,0.0,0.0,0.22444286942481995,0.0007461743662133813,0.0,0.011409621685743332,0.8394088745117188,27260.0,57344.0,67.76019549369812,6.370972394943237,94.23970603942871,15.095263242721558,9317.202939319426,60.428741421456344
convergence,g10-convergence-s1234-tp4-20260901j,G10,1234,1234,125,True,P/P,0.0,1.0,4684.125,0.0,0.0,0.0,0.0,0.0,0.22589600086212158,0.0008215614943765104,0.0,0.010807998478412628,0.6057238578796387,19761.0,37473.0,60.92041540145874,4.757734060287476,85.68621802330017,15.111179828643799,8318.131379850107,51.91282743122392
convergence,g10-convergence-s1234-tp4-20260901j,G10,1234,1234,126,True,P/P,0.0,0.0,7168.0,1.0,0.0,0.0,0.0,0.0,0.2420257180929184,0.0011073609348386526,0.0,0.012395400553941727,0.964026927947998,30410.0,57344.0,67.46127128601074,6.364480972290039,93.91958808898926,15.101147174835205,9305.605757257988,60.33603024631874
convergence,g10-convergence-s1234-tp4-20260901j,G10,1234,1234,127,True,P/P,0.0,0.0,6329.875,0.375,0.0,0.0,0.0,0.0,0.3864273130893707,0.0009531343821436167,0.0,0.016605578362941742,0.8147666454315186,36655.0,50639.0,65.87735247612,6.334499359130859,92.6009681224823,15.194900751113892,8315.470576462092,53.27223431938662
convergence,g10-convergence-s1234-tp4-20260901j,G10,1234,1234,128,True,P/P,-3.725290298461914e-09,0.875,5847.0,0.125,0.0,0.00028762221336364746,0.00028762221336364746,0.0068326652981340885,0.31820106506347656,0.0007392630213871598,0.671833037019647,0.014878787100315094,0.8907882571220398,29980.0,46776.0,64.74574065208435,6.30497407913208,90.95399260520935,15.12839651107788,7672.117146946558,48.763508690451445
convergence,g10-convergence-s1234-tp4-20260901j,G10,1234,1234,129,True,P/P,0.0,0.0,7168.0,1.0,0.0,0.0,0.0,0.0,0.24428725242614746,0.0007687550969421864,0.0,0.012878907844424248,0.961449146270752,32656.0,57344.0,67.41790127754211,6.351522207260132,93.7916522026062,15.119333982467651,9305.98257072852,60.32406510227149
convergence,g10-convergence-s1234-tp4-20260901j,G10,1234,1234,130,True,P/P,0.0,1.0,3718.125,0.0,0.0,0.0,0.0,0.0,0.16459180414676666,0.0004213511710986495,0.0,0.008301196619868279,0.4871922433376312,12929.0,29745.0,41.61287879943848,3.8084099292755127,65.74057269096375,15.315964698791504,8248.647612989891,50.41117617994279
convergence,g10-convergence-s1234-tp4-20260901j,G10,1234,1234,131,True,P/P,0.0,0.0,7168.0,1.0,0.0,0.0,0.0,0.0,0.3769303560256958,0.0007942329393699765,0.0,0.01626121625304222,0.8060085773468018,39872.0,57344.0,67.53471183776855,6.46666145324707,93.98153233528137,15.046279191970825,9171.1456883963,59.47739840596354
convergence,g10-convergence-s1234-tp4-20260901j,G10,1234,1234,132,True,P/P,0.0,1.0,4948.0,0.0,0.0,0.0,0.0,0.0,0.19264428317546844,0.000975073198787868,0.0,0.01040636096149683,0.8829958438873291,19475.0,39584.0,49.6487979888916,6.1610496044158936,75.71030807495117,15.062144994735718,6773.987994463669,42.37753221989919
convergence,g10-convergence-s1234-tp4-20260901j,G10,1234,1234,133,True,P/P,3.725290298461914e-09,0.125,7103.75,0.875,0.0,-0.00016242451965808868,-0.00016242451965808868,0.0027353153564035892,0.15642967820167542,0.0007390099344775081,0.4206542614512282,0.008199939504265785,0.8248308897018433,23763.0,56830.0,67.60750389099121,6.390092849731445,94.1050636768341,15.106611251831055,9121.35103567051,59.03015744429538
convergence,g10-convergence-s1234-tp4-20260901j,G10,1234,1234,134,True,P/P,0.0,1.0,3821.375,0.0,0.0,0.0,0.0,0.0,0.19853805005550385,0.0009581922786310315,0.0,0.010553708299994469,0.6697672605514526,15703.0,30571.0,41.505096435546875,4.614266872406006,66.87284421920776,15.829049348831177,6972.69413607747,42.71086548691335
convergence,g10-convergence-s1234-tp4-20260901j,G10,1234,1234,135,True,P/P,-1.4901161193847656e-08,0.625,5290.875,0.375,0.0,0.00030531734228134155,0.00030531734228134155,0.0038873597513884306,0.20316621661186218,0.0007267269538715482,0.6150346219776832,0.01011617761105299,0.5982325077056885,20172.0,42327.0,64.10828304290771,4.821778059005737,88.84078192710876,15.071986198425293,9100.311873761275,57.51723656365943
convergence,g10-convergence-s1234-tp4-20260901j,G10,1234,1234,136,True,P/P,0.0,0.0,7168.0,1.0,0.0,0.0,0.0,0.0,0.2335154116153717,0.0005321192438714206,0.0,0.011660189367830753,0.9391834735870361,30861.0,57344.0,67.47000670433044,6.362977981567383,94.06638312339783,15.305525541305542,9291.297285613797,60.23092593169597
convergence,g10-convergence-s1234-tp4-20260901j,G10,1234,1234,137,True,P/P,0.0,1.0,4715.75,0.0,0.0,0.0,0.0,0.0,0.14842967689037323,0.000646679662168026,0.0,0.007632039487361908,0.7413687705993652,15508.0,37726.0,52.297096252441406,5.499350070953369,78.29396486282349,15.307559728622437,7162.710235517878,44.57509958090757
convergence,g10-convergence-s1234-tp4-20260901j,G10,1234,1234,138,True,P/P,0.0,0.0,7168.0,1.0,0.0,0.0,0.0,0.0,0.30734947323799133,0.0010758552234619856,0.0,0.013788452371954918,0.950189471244812,34222.0,57344.0,67.50150656700134,6.46800684928894,94.04072046279907,15.170518159866333,9159.082612444405,59.39004975422685
convergence,g10-convergence-s1234-tp4-20260901j,G10,1234,1234,139,True,P/P,0.0,1.0,5772.5,0.0,0.0,0.0,0.0,0.0,0.1854669153690338,0.0006992141716182232,0.0,0.009977208450436592,0.9331016540527344,22507.0,46180.0,60.51004076004028,6.312273263931274,87.04251146316528,14.95940899848938,7634.124408456202,48.406042089338385
convergence,g10-convergence-s1234-tp4-20260901j,G10,1234,1234,140,True,P/P,0.0,0.0,7168.0,1.0,0.0,0.0,0.0,0.0,0.2495022416114807,0.0007222970016300678,0.0,0.012976430356502533,0.7987363338470459,32104.0,57344.0,67.34665822982788,6.409116268157959,93.82383418083191,15.097327470779419,9196.429805937132,59.59458847984681
convergence,g10-convergence-s1234-tp4-20260901j,G10,1234,1234,141,True,P/P,0.0,0.0,7168.0,1.0,0.0,0.0,0.0,0.0,0.23605415225028992,0.0008368485723622143,0.0,0.013072646223008633,0.9113425016403198,30996.0,57344.0,67.97559118270874,6.388979911804199,94.62856340408325,15.128662586212158,9577.613232088323,62.35812896254111
convergence,g10-convergence-s1234-tp4-20260901j,G10,1234,1234,142,True,P/P,0.0,1.0,4240.625,0.0,0.0,0.0,0.0,0.0,0.19680729508399963,0.0009119964670389891,0.0,0.010004622861742973,0.5930615663528442,16143.0,33925.0,43.94130277633667,4.562709093093872,68.55502605438232,15.097142219543457,7819.760139265238,48.217747261311665
convergence,g10-convergence-s1234-tp4-20260901j,G10,1234,1234,143,True,P/P,0.0,1.0,5477.0,0.0,0.0,0.0,0.0,0.0,0.29717138409614563,0.0008487887680530548,0.0,0.014442061074078083,0.8446353077888489,27295.0,43816.0,59.54244256019592,6.243229150772095,85.74082636833191,15.023627042770386,7356.896750602015,46.39727431276039
convergence,g10-convergence-s1234-tp4-20260901j,G10,1234,1234,144,True,P/P,0.0,1.0,4114.75,0.0,0.0,0.0,0.0,0.0,0.2036965787410736,0.0008262950577773154,0.0,0.010516749694943428,0.6002041101455688,15712.0,32918.0,42.91950178146362,4.737855672836304,67.6206681728363,14.990589618682861,7537.227150021851,46.49729933988225
convergence,g10-convergence-s1234-tp4-20260901j,G10,1234,1234,145,True,P/P,0.0,0.75,6292.125,0.25,0.0,0.00017589330673217773,0.00017589330673217773,0.005394375883042812,0.24921990931034088,0.0008468691376037896,0.6882064397643071,0.012495797127485275,0.9255133271217346,27914.0,50337.0,65.51732969284058,6.3486857414245605,91.79705572128296,14.9741792678833,8178.159319688835,52.25986943591566
convergence,g10-convergence-s1234-tp4-20260901j,G10,1234,1234,146,True,P/P,0.0,0.0,7168.0,1.0,0.0,0.0,0.0,0.0,0.2891666889190674,0.0011333490256220102,0.0,0.01507475133985281,1.0332951545715332,35714.0,57344.0,67.69168281555176,6.402607440948486,94.2870762348175,15.250696659088135,9245.125818038103,59.934686250411445
convergence,g10-convergence-s1234-tp4-20260901j,G10,1234,1234,147,True,P/P,-1.4901161193847656e-08,0.625,6358.875,0.375,0.0,0.00041356682777404785,0.00041356682777404785,0.004172147251665592,0.20559647679328918,0.0005689900135621428,0.6636702557162895,0.010723788291215897,0.8848750591278076,24425.0,50871.0,66.29557609558105,6.331425428390503,92.81145811080933,15.213338375091553,8623.528929371716,55.44128285703759
convergence,g10-convergence-s1234-tp4-20260901j,G10,1234,1234,148,True,P/P,0.0,1.0,4304.5,0.0,0.0,0.0,0.0,0.0,0.16409261524677277,0.0005355008761398494,0.0,0.008349365554749966,0.5875869989395142,14014.0,34436.0,47.57465410232544,4.725721597671509,72.59109568595886,15.123056888580322,7595.680844433473,46.92448734529482
convergence,g10-convergence-s1234-tp4-20260901j,G10,1234,1234,149,True,P/P,0.0,0.25,6891.375,0.75,0.0,0.0002533271908760071,0.0002533271908760071,0.0037943022325634956,0.21072345972061157,0.0006141605554148555,0.5821516949244386,0.011038634926080704,0.8056501746177673,26802.0,55131.0,66.89948320388794,6.340243101119995,93.6099865436554,15.158060550689697,9017.353635315481,58.247305933880064
convergence,g10-convergence-s1234-tp4-20260901j,G10,1234,1234,150,True,P/P,0.0,1.0,2047.5,0.0,0.0,0.0,0.0,0.0,0.2602422833442688,0.0013120456133037806,0.0,0.01269424706697464,0.2950223684310913,9649.0,16380.0,26.685163259506226,5.675842046737671,52.45035243034363,15.149111986160278,3075.6202767379104,18.230240653307728
convergence,g10-convergence-s1234-tp4-20260901j,G10,1234,1234,151,True,P/P,0.0,0.75,6120.375,0.25,0.0,0.00012321770191192627,0.00012321770191192627,0.004093406721949577,0.15295477211475372,0.0007919669151306152,0.5557343182120928,0.008738866075873375,0.9508228302001953,20396.0,48963.0,65.32458329200745,6.214555025100708,91.31304979324341,15.067192077636719,8124.17422809154,51.8873386829652
convergence,g10-convergence-s1234-tp4-20260901j,G10,1234,1234,152,True,P/P,0.0,0.0,7168.0,1.0,0.0,0.0,0.0,0.0,0.2728036046028137,0.0007697996916249394,0.0,0.014116967096924782,0.9532368183135986,32830.0,57344.0,67.61130046844482,6.443777561187744,94.1735589504242,15.169871807098389,9149.567362542131,59.290911065000216
convergence,g10-convergence-s1234-tp4-20260901j,G10,1234,1234,153,True,P/P,-3.725290298461914e-09,0.875,6037.25,0.125,0.0,-5.689449608325958e-05,-5.689449608325958e-05,0.004953292198479176,0.20750746130943298,0.0009269799338653684,0.6236529616133345,0.010864203795790672,0.7915712594985962,24327.0,48298.0,65.09736490249634,6.411322593688965,91.76114988327026,15.339327573776245,7822.775828307237,49.86603321668947
convergence,g10-convergence-s1234-tp4-20260901j,G10,1234,1234,154,True,P/P,0.0,1.0,5065.5,0.0,0.0,0.0,0.0,0.0,0.19748957455158234,0.00040615227771922946,0.0,0.010148395784199238,0.9533203840255737,18652.0,40524.0,54.850642919540405,6.267246961593628,81.39117956161499,15.312497854232788,6725.774852137331,42.09835807020983
convergence,g10-convergence-s1234-tp4-20260901j,G10,1234,1234,155,True,P/P,0.0,1.0,4628.5,0.0,0.0,0.0,0.0,0.0,0.13087503612041473,0.0004619663523044437,0.0,0.00703656580299139,0.6616048812866211,13695.0,37028.0,56.03143858909607,5.49026083946228,81.67119550704956,15.287111520767212,7027.384340359694,43.68028328964508
convergence,g10-convergence-s1234-tp4-20260901j,G10,1234,1234,156,True,P/P,0.0,1.0,5501.75,0.0,0.0,0.0,0.0,0.0,0.21596330404281616,0.0005705939838662744,0.0,0.010894479230046272,0.8228352069854736,24039.0,44014.0,58.97835922241211,6.398430109024048,85.63122415542603,15.294768810272217,7203.8155665755985,45.52058530417774
convergence,g10-convergence-s1234-tp4-20260901j,G10,1234,1234,157,True,P/P,0.0,0.0,7168.0,1.0,0.0,0.0,0.0,0.0,0.16358080506324768,0.0006987003143876791,0.0,0.008753277361392975,0.8698636293411255,22313.0,57344.0,67.38585567474365,6.364393472671509,93.80694365501404,15.196990489959717,9279.92047736058,60.149991665670704
convergence,g10-convergence-s1234-tp4-20260901j,G10,1234,1234,158,True,P/P,0.0,0.0,7168.0,1.0,0.0,0.0,0.0,0.0,0.16927310824394226,0.00026272900868207216,0.0,0.00899159349501133,0.768256664276123,22556.0,57344.0,67.6019675731659,6.347429275512695,94.10388469696045,15.151665687561035,9281.726341042342,60.14219358781933
convergence,g10-convergence-s1234-tp4-20260901j,G10,1234,1234,159,True,P/P,1.4901161193847656e-08,0.375,2245.875,0.0,0.0,5.7227909564971924e-05,5.7227909564971924e-05,0.0032173278741538525,0.15500381588935852,0.00014810706488788128,1.1751806810129763,0.008441154845058918,0.3328143358230591,8089.0,17967.0,21.768691539764404,2.4849560260772705,44.237343549728394,15.047176837921143,7939.356659739811,47.16764685484971
convergence,g10-convergence-s1234-tp4-20260901j,G10,1234,1234,160,True,P/P,0.0,0.0,7168.0,1.0,0.0,0.0,0.0,0.0,0.2860425114631653,0.0012022587470710278,0.0,0.014927936717867851,1.1796411275863647,34541.0,57344.0,67.52543377876282,6.347728729248047,93.86641454696655,14.963432788848877,9364.178103285725,60.74272946925774
convergence,g10-convergence-s1234-tp4-20260901j,G10,1234,1234,161,True,P/P,0.0,1.0,4696.625,0.0,0.0,0.0,0.0,0.0,0.18663722276687622,0.00041961483657360077,0.0,0.009219438768923283,0.7830262184143066,17936.0,37573.0,50.27669978141785,5.3662168979644775,75.5648078918457,15.012318134307861,7280.847164868487,45.28232419253379
convergence,g10-convergence-s1234-tp4-20260901j,G10,1234,1234,162,True,P/P,0.0,0.0,7168.0,1.0,0.0,0.0,0.0,0.0,0.20692777633666992,0.0009613584261387587,0.0,0.011188654229044914,0.9793136119842529,26677.0,57344.0,68.13257265090942,6.374447584152222,94.64094758033752,15.098812818527222,9518.835535265933,61.908064625828814
convergence,g10-convergence-s1234-tp4-20260901j,G10,1234,1234,163,True,P/P,0.0,0.5,6531.75,0.5,0.0,0.0004509352147579193,0.0004509352147579193,0.004052438773214817,0.2205243855714798,0.0008835654007270932,0.595391789359994,0.011234045960009098,0.8363525867462158,28554.0,52254.0,66.25490951538086,6.3563008308410645,92.49207353591919,14.94364309310913,8564.047072516369,55.05520775039848
convergence,g10-convergence-s1234-tp4-20260901j,G10,1234,1234,164,True,P/P,0.0,0.0,7168.0,1.0,0.0,0.0,0.0,0.0,0.21983692049980164,0.0008145634201355278,0.0,0.01136244647204876,0.8669316172599792,28566.0,57344.0,67.38202738761902,6.3707075119018555,94.91982913017273,16.15557622909546,9274.759316031357,60.117564096315114
convergence,g10-convergence-s1234-tp4-20260901j,G10,1234,1234,165,True,P/P,0.0,1.0,5717.25,0.0,0.0,0.0,0.0,0.0,0.19667577743530273,0.0008433894254267216,0.0,0.009959597140550613,0.8910927772521973,23100.0,45738.0,58.59423542022705,6.323958873748779,85.03307962417603,15.10973048210144,7475.184153264588,47.273119743430634
convergence,g10-convergence-s1234-tp4-20260901j,G10,1234,1234,166,True,P/P,0.0,0.0,7168.0,1.0,0.0,0.0,0.0,0.0,0.2859199047088623,0.0008461159304715693,0.0,0.01465662568807602,1.1917808055877686,36026.0,57344.0,67.39150381088257,6.375938177108765,93.71526980400085,14.978984594345093,9240.929590934164,59.87988950687532
convergence,g10-convergence-s1234-tp4-20260901j,G10,1234,1234,167,True,P/P,0.0,1.0,4335.75,0.0,0.0,0.0,0.0,0.0,0.18341320753097534,0.0006446861079894006,0.0,0.009684107266366482,0.8891302347183228,16779.0,34686.0,43.16801953315735,5.332619905471802,68.75280785560608,15.034950017929077,6829.594114049937,42.185139803873575
convergence,g10-convergence-s1234-tp4-20260901j,G10,1234,1234,168,True,P/P,0.0,0.0,7168.0,1.0,0.0,0.0,0.0,0.0,0.28637540340423584,0.000846132286824286,0.0,0.014090701937675476,0.8165465593338013,32614.0,57344.0,67.40119886398315,6.355722427368164,93.78769111633301,15.001725196838379,9298.940711147165,60.27019062829377
convergence,g10-convergence-s1234-tp4-20260901j,G10,1234,1234,169,True,P/P,-3.725290298461914e-09,0.875,6109.625,0.125,0.0,0.00032423436641693115,0.00032423436641693115,0.004752073436975479,0.19525915384292603,0.000645607418846339,0.7374463482107769,0.010096126236021519,0.9483441710472107,22210.0,48877.0,65.30311989784241,6.296417713165283,91.71633815765381,15.135236263275146,8121.565703325586,51.878292456517535
convergence,g10-convergence-s1234-tp4-20260901j,G10,1234,1234,170,True,P/P,0.0,1.0,4239.375,0.0,0.0,0.0,0.0,0.0,0.23934924602508545,0.000816589395981282,0.0,0.012065509334206581,0.609393298625946,17434.0,33915.0,41.42259883880615,5.447986602783203,66.94624543190002,15.123604536056519,6529.809137150889,40.242079149334415
convergence,g10-convergence-s1234-tp4-20260901j,G10,1234,1234,171,True,P/P,0.0,0.0,7168.0,1.0,0.0,0.0,0.0,0.0,0.2552044987678528,0.0007539574871771038,0.0,0.012957851402461529,0.9256450533866882,30061.0,57344.0,67.40864515304565,6.411708354949951,93.7338399887085,15.03031325340271,9215.985489869168,59.73863961884915
convergence,g10-convergence-s1234-tp4-20260901j,G10,1234,1234,172,True,P/P,3.725290298461914e-09,0.125,7077.875,0.875,0.0,0.0002167224884033203,0.0002167224884033203,0.0029397797770798206,0.20122964680194855,0.0006979977479204535,0.5678713036731126,0.010546840727329254,0.9061625003814697,27890.0,56623.0,67.26449012756348,6.354372978210449,93.82501912117004,15.14084506034851,9280.46751782287,60.14706623983376
convergence,g10-convergence-s1234-tp4-20260901j,G10,1234,1234,173,True,P/P,0.0,0.75,5838.5,0.25,0.0,0.00023398548364639282,0.00023398548364639282,0.0054329088889062405,0.24299390614032745,0.0009631355060264468,0.6828829093962452,0.012573221698403358,0.7721552848815918,26791.0,46708.0,65.03313517570496,5.584020137786865,90.48845648765564,14.99523377418518,8697.18721366084,55.52279553051693
convergence,g10-convergence-s1234-tp4-20260901j,G10,1234,1234,174,True,P/P,1.4901161193847656e-08,0.375,6983.25,0.625,0.0,0.00025425106287002563,0.00025425106287002563,0.00342313339933753,0.20679974555969238,0.0005789826391264796,0.5137594460224592,0.009869875386357307,0.7231879234313965,28242.0,55866.0,67.17415571212769,6.33830189704895,93.71159434318542,15.196976900100708,9137.93010127306,59.09653582878099
convergence,g10-convergence-s1234-tp4-20260901j,G10,1234,1234,175,True,P/P,0.0,0.0,7168.0,1.0,0.0,0.0,0.0,0.0,0.25974133610725403,0.0012134959688410163,0.0,0.013561592437326908,0.846505880355835,32993.0,57344.0,67.65587949752808,6.417689800262451,94.1069815158844,15.054551839828491,9367.976470046644,60.85128626527749
convergence,g10-convergence-s1234-tp4-20260901j,G10,1234,1234,176,True,P/P,0.0,1.0,1252.25,0.0,0.0,0.0,0.0,0.0,0.1305636465549469,0.0009179672342725098,0.0,0.008086515590548515,0.22500760853290558,4010.0,10018.0,11.509917259216309,1.5398945808410645,33.09617209434509,15.089199542999268,7364.167967723222,42.89479418151605
convergence,g10-convergence-s1234-tp4-20260901j,G10,1234,1234,177,True,P/P,1.4901161193847656e-08,0.375,6949.75,0.625,0.0,0.0004509836435317993,0.0004509836435317993,0.0045364368706941605,0.2722417712211609,0.0011573819210752845,0.6449212483819498,0.013816691935062408,0.9089870452880859,32162.0,55598.0,66.86636567115784,6.389747381210327,93.30280351638794,15.0562424659729,8981.768159360427,58.02786198053718
convergence,g10-convergence-s1234-tp4-20260901j,G10,1234,1234,178,True,P/P,-3.725290298461914e-09,0.875,5255.5,0.125,0.0,4.1114166378974915e-05,4.1114166378974915e-05,0.004084807820618153,0.1544552445411682,0.0004317459824960679,0.6373427907792019,0.00821889378130436,0.8623244166374207,17460.0,42044.0,63.416361808776855,6.276356220245361,89.91302061080933,15.247311353683472,6909.448261183894,43.40726174571626
convergence,g10-convergence-s1234-tp4-20260901j,G10,1234,1234,179,True,P/P,0.0,0.5,6909.25,0.5,0.0,-5.879253149032593e-05,-5.879253149032593e-05,0.004462003707885742,0.19104966521263123,0.0009416970424354076,0.6148268545851585,0.010440506041049957,0.8600207567214966,24553.0,55274.0,66.57276940345764,6.341283082962036,92.86210107803345,15.166271209716797,8964.768904470911,57.84796858039182
convergence,g10-convergence-s1234-tp4-20260901j,G10,1234,1234,180,True,P/P,3.725290298461914e-09,0.125,7037.25,0.875,0.0,0.00016324780881404877,0.00016324780881404877,0.004414601717144251,0.3274317979812622,0.001246619038283825,0.8820591640870187,0.016325250267982483,0.8919916152954102,38493.0,56298.0,67.10969758033752,6.457458972930908,93.63968777656555,15.071508884429932,8988.063796236187,58.14888074629406
convergence,g10-convergence-s1234-tp4-20260901j,G10,1234,1234,181,True,P/P,0.0,0.0,4575.625,0.0,0.0,0.0,0.0,0.0,0.19366517663002014,0.0007857180899009109,0.0,0.010247091762721539,0.7131105661392212,16755.0,36605.0,53.91102457046509,4.756424188613892,78.66994094848633,15.04392695426941,8052.004451179911,50.024106491281486
convergence,g10-convergence-s1234-tp4-20260901j,G10,1234,1234,182,True,P/P,0.0,0.0,7168.0,1.0,0.0,0.0,0.0,0.0,0.21798762679100037,0.001187777379527688,0.0,0.012423906475305557,0.9762205481529236,30353.0,57344.0,67.74124574661255,6.34259033203125,94.11235070228577,15.022711753845215,9359.415301790017,60.70251885800432
convergence,g10-convergence-s1234-tp4-20260901j,G10,1234,1234,183,True,P/P,0.0,0.0,7168.0,1.0,0.0,0.0,0.0,0.0,0.14147895574569702,0.0007206299342215061,0.0,0.008028434589505196,0.8915302753448486,21705.0,57344.0,67.43572235107422,6.3658576011657715,94.05638575553894,15.179531574249268,9341.142433576546,60.5964028736278
convergence,g10-convergence-s1234-tp4-20260901j,G10,1234,1234,184,True,P/P,0.0,0.0,7168.0,1.0,0.0,0.0,0.0,0.0,0.24620607495307922,0.0005266744992695749,0.0,0.011814305558800697,0.844855785369873,28747.0,57344.0,67.4690613746643,6.345963716506958,94.14406156539917,15.330825567245483,9345.747903122656,60.60664102356627
convergence,g10-convergence-s1234-tp4-20260901j,G10,1234,1234,185,True,P/P,0.0,1.0,5382.25,0.0,0.0,0.0,0.0,0.0,0.18546247482299805,0.0007315294351428747,0.0,0.00967741385102272,0.9320632219314575,21787.0,43058.0,55.72701811790466,6.280710458755493,82.03851652145386,15.106676578521729,7193.522733830432,45.284342241065
convergence,g10-convergence-s1234-tp4-20260901j,G10,1234,1234,186,True,P/P,0.0,0.0,7168.0,1.0,0.0,0.0,0.0,0.0,0.2745491862297058,0.0007207000744529068,0.0,0.014043432660400867,0.9837619066238403,33468.0,57344.0,67.36679768562317,6.386097192764282,93.94292640686035,15.264317750930786,9251.260767335461,59.96525011605322
convergence,g10-convergence-s1234-tp4-20260901j,G10,1234,1234,187,True,P/P,0.0,0.0,7168.0,1.0,0.0,0.0,0.0,0.0,0.21635808050632477,0.000841704080812633,0.0,0.011873781681060791,0.9511567950248718,27834.0,57344.0,67.54174494743347,6.3643717765808105,93.96286296844482,15.151348352432251,9352.359683785462,60.6774440396661
convergence,g10-convergence-s1234-tp4-20260901j,G10,1234,1234,188,True,P/P,0.0,0.0,7168.0,1.0,0.0,0.0,0.0,0.0,0.27580082416534424,0.0008800469804555178,0.0,0.013793015852570534,0.7458294630050659,34833.0,57344.0,67.61964130401611,6.388808012008667,94.0644359588623,15.057947874069214,9219.15011615689,59.7346833979277
convergence,g10-convergence-s1234-tp4-20260901j,G10,1234,1234,189,True,P/P,0.0,0.5,6832.75,0.5,0.0,3.7495046854019165e-05,3.7495046854019165e-05,0.0062036155723035336,0.3026096224784851,0.0011508762836456299,0.6599964196657112,0.014925300143659115,0.8683499097824097,35634.0,54662.0,66.48062181472778,6.390932083129883,92.9448173046112,15.12624740600586,8825.180962428167,56.89573155053837
convergence,g10-convergence-s1234-tp4-20260901j,G10,1234,1234,190,True,P/P,0.0,1.0,4533.125,0.0,0.0,0.0,0.0,0.0,0.14411865174770355,0.00047171468031592667,0.0,0.008243563584983349,0.7398809194564819,15540.0,36265.0,49.725037813186646,5.532226800918579,75.28740453720093,15.095679759979248,6833.501650285773,42.383301755044215
convergence,g10-convergence-s1234-tp4-20260901j,G10,1234,1234,191,True,P/P,0.0,1.0,5052.375,0.0,0.0,0.0,0.0,0.0,0.14498800039291382,0.000302958651445806,0.0,0.007821770384907722,0.8040862083435059,16049.0,40419.0,53.57848525047302,6.215216636657715,79.91000509262085,15.174911737442017,6761.98245886905,42.304219143733704
convergence,g10-convergence-s1234-tp4-20260901j,G10,1234,1234,192,True,P/P,-3.725290298461914e-09,0.875,5780.75,0.125,0.0,5.202367901802063e-05,5.202367901802063e-05,0.004775315523147583,0.1864776909351349,0.0005962266586720943,0.5353243487238736,0.009686596691608429,0.7664518356323242,19929.0,46246.0,64.85405325889587,6.292330741882324,91.43981695175171,15.347677230834961,7746.311820037525,49.21714567652037
convergence,g10-convergence-s1234-tp4-20260901j,G10,1234,1234,193,True,P/P,3.725290298461914e-09,0.125,7141.5,0.875,0.0,0.0001041218638420105,0.0001041218638420105,0.004757222253829241,0.2716138958930969,0.0009540076134726405,0.7792197359001206,0.014989292249083519,0.8919297456741333,36059.0,57132.0,67.39301705360413,6.448682069778442,94.02946376800537,15.200502634048462,9191.752715171217,59.60613314284012
convergence,g10-convergence-s1234-tp4-20260901j,G10,1234,1234,194,True,P/P,0.0,0.0,7168.0,1.0,0.0,0.0,0.0,0.0,0.25145411491394043,0.0009266398847103119,0.0,0.013535451143980026,1.0708682537078857,33060.0,57344.0,67.32725286483765,6.441653728485107,93.91038370132446,15.220194816589355,9149.255608045822,59.280796161634186
convergence,g10-convergence-s1234-tp4-20260901j,G10,1234,1234,195,True,P/P,0.0,0.0,7168.0,1.0,0.0,0.0,0.0,0.0,0.529685378074646,0.0007142938557080925,0.0,0.017430029809474945,0.6006650924682617,47837.0,57344.0,67.5083909034729,6.414337635040283,94.17481541633606,15.269554376602173,9268.145460488066,60.12184330758554
convergence,g10-convergence-s1234-tp4-20260901j,G10,1234,1234,196,True,P/P,0.0,0.0,7168.0,1.0,0.0,0.0,0.0,0.0,0.17592614889144897,0.00040048049413599074,0.0,0.009420156478881836,1.0189785957336426,23020.0,57344.0,67.67054271697998,6.424857139587402,94.41756987571716,15.337631464004517,9216.024801518202,59.75418271883274
convergence,g10-convergence-s1234-tp4-20260901j,G10,1234,1234,197,True,P/P,0.0,1.0,4851.625,0.0,0.0,0.0,0.0,0.0,0.17630070447921753,0.00047824339708313346,0.0,0.009460071101784706,0.9492120146751404,18535.0,38813.0,55.72050333023071,6.203697443008423,82.28286814689636,15.311254501342773,6478.92010921221,40.37982987598357
convergence,g10-convergence-s1234-tp4-20260901j,G10,1234,1234,198,True,P/P,0.0,1.0,3726.875,0.0,0.0,0.0,0.0,0.0,0.26832443475723267,0.0015311014140024781,0.0,0.01334262266755104,0.5232681035995483,16927.0,29815.0,41.66998744010925,3.8468334674835205,65.65469741821289,15.163749694824219,8285.263775855268,50.682203685164396
convergence,g10-convergence-s1234-tp4-20260901j,G10,1234,1234,199,True,P/P,3.725290298461914e-09,0.125,6207.875,0.5,0.0,0.00010925158858299255,0.00010925158858299255,0.0035345242358744144,0.26132121682167053,0.0007576454663649201,0.9326679315792483,0.012930657714605331,0.9914264678955078,28506.0,49663.0,65.8700532913208,6.1737165451049805,92.20786714553833,15.261356115341187,8385.257777202136,53.748698893673684
convergence,g11-convergence-s1234-tp4-20260901e,G11,1234,1234,0,True,R/R,-3.725290298461914e-09,0.875,6117.5,0.125,0.0,-1.4901161193847656e-08,-1.4901161193847656e-08,0.0,0.27224838733673096,0.0,0.8293514167290124,0.0,0.0,0.0,48940.0,98.81510138511658,13.872129201889038,132.95428729057312,15.586602210998535,3638.375339035335,23.188270327705833
convergence,g11-convergence-s1234-tp4-20260901e,G11,1234,1234,1,True,R/R,1.4901161193847656e-08,0.375,2443.25,0.0,0.0,1.1175870895385742e-08,1.1175870895385742e-08,0.0,0.2995075285434723,0.0,1.8035462308901338,0.0,0.0,0.0,19546.0,42.12234663963318,4.593104124069214,66.38132929801941,14.868260860443115,4543.584330697696,27.165475877807562
convergence,g11-convergence-s1234-tp4-20260901e,G11,1234,1234,2,True,R/R,0.0,0.0,7168.0,1.0,0.0,0.0,0.0,0.0,0.2952701449394226,0.0,0.0,0.0,0.0,0.0,57344.0,106.4632658958435,9.851000547409058,135.93639945983887,14.823027849197388,6016.990269896805,39.03980094689073
convergence,g11-convergence-s1234-tp4-20260901e,G11,1234,1234,3,True,R/R,0.0,0.25,6857.5,0.75,0.0,0.0,0.0,0.0,0.28477537631988525,0.0,0.8737660290035038,0.0,0.0,0.0,54860.0,103.59118270874023,9.776686429977417,133.44563913345337,15.096342086791992,5776.9824754721285,37.29026238995406
convergence,g11-convergence-s1234-tp4-20260901e,G11,1234,1234,4,True,R/R,0.0,0.0,7168.0,1.0,0.0,0.0,0.0,0.0,0.3236057162284851,0.0,0.0,0.0,0.0,0.0,57344.0,106.20321273803711,9.858642578125,135.84337162971497,14.916146516799927,5951.010630133317,38.56168965254508
convergence,g11-convergence-s1234-tp4-20260901e,G11,1234,1234,5,True,R/R,0.0,0.0,7168.0,1.0,0.0,0.0,0.0,0.0,0.3471332788467407,0.0,0.0,0.0,0.0,0.0,57344.0,106.58334636688232,9.849411725997925,136.21419596672058,14.957462072372437,5996.165146018466,38.88744079068263
convergence,g11-convergence-s1234-tp4-20260901e,G11,1234,1234,6,True,R/R,0.0,0.0,7168.0,1.0,0.0,0.0,0.0,0.0,0.38764721155166626,0.0,0.0,0.0,0.0,0.0,57344.0,106.20599412918091,9.87514328956604,136.16213536262512,14.95702075958252,5948.514515466185,38.55275162919132
convergence,g11-convergence-s1234-tp4-20260901e,G11,1234,1234,7,True,R/R,0.0,0.25,4486.0,0.0,0.0,-7.450580596923828e-09,-7.450580596923828e-09,0.0,0.4042288064956665,0.0,1.0160940407687022,0.0,0.0,0.0,35888.0,70.99342083930969,8.506583452224731,99.17592096328735,14.921639919281006,4383.07796209097,27.13571388741932
convergence,g11-convergence-s1234-tp4-20260901e,G11,1234,1234,8,True,R/R,0.0,1.0,5226.625,0.0,0.0,0.0,0.0,0.0,0.21955132484436035,0.0,0.0,0.0,0.0,0.0,41813.0,81.5780291557312,8.575538873672485,110.04261326789856,15.050976514816284,5001.001415488422,31.377001681584908
convergence,g11-convergence-s1234-tp4-20260901e,G11,1234,1234,9,True,R/R,0.0,0.0,7168.0,1.0,0.0,0.0,0.0,0.0,0.43446874618530273,0.0,0.0,0.0,0.0,0.0,57344.0,106.62837481498718,9.81551456451416,136.2713418006897,14.880455017089844,6095.870311441934,39.59878602746921
convergence,g11-convergence-s1234-tp4-20260901e,G11,1234,1234,10,True,R/R,0.0,0.5,6705.125,0.375,0.0,-3.725290298461914e-09,-3.725290298461914e-09,0.0,0.3331888020038605,0.0,0.8515880125931149,0.0,0.0,0.0,53641.0,102.01668453216553,10.841449499130249,132.59974479675293,15.03275179862976,5067.550968146655,32.59920157449957
convergence,g11-convergence-s1234-tp4-20260901e,G11,1234,1234,11,True,R/R,0.0,0.0,7168.0,1.0,0.0,0.0,0.0,0.0,0.41952162981033325,0.0,0.0,0.0,0.0,0.0,57344.0,106.75976800918579,9.822849750518799,136.2189061641693,14.87039589881897,6040.227552058683,39.195246495296686
convergence,g11-convergence-s1234-tp4-20260901e,G11,1234,1234,12,True,R/R,-1.4901161193847656e-08,0.625,4056.0,0.0,0.0,2.2351741790771484e-08,2.2351741790771484e-08,0.0,0.20587757229804993,0.0,1.1861186777469594,0.0,0.0,0.0,32448.0,59.82288956642151,7.0359296798706055,86.56057786941528,14.984462976455688,4834.059470993585,29.689394285427575
convergence,g11-convergence-s1234-tp4-20260901e,G11,1234,1234,13,True,R/R,-1.4901161193847656e-08,0.625,4301.25,0.0,0.0,2.9802322387695312e-08,2.9802322387695312e-08,0.0,0.2728572189807892,0.0,1.1366043295411832,0.0,0.0,0.0,34410.0,67.91412258148193,7.2561540603637695,94.9500617980957,15.013824224472046,4933.758642102313,30.46598259295703
convergence,g11-convergence-s1234-tp4-20260901e,G11,1234,1234,14,True,R/R,0.0,0.75,4660.0,0.0,0.0,-1.1175870895385742e-08,-1.1175870895385742e-08,0.0,0.23002943396568298,0.0,1.0333441654273359,0.0,0.0,0.0,37280.0,78.74428701400757,7.409151554107666,105.73263192176819,14.909169435501099,5178.125269877145,32.203017312834
convergence,g11-convergence-s1234-tp4-20260901e,G11,1234,1234,15,True,R/R,0.0,0.0,7168.0,1.0,0.0,0.0,0.0,0.0,0.33019769191741943,0.0,0.0,0.0,0.0,0.0,57344.0,106.21630501747131,9.864837408065796,135.7345154285431,14.903329133987427,5971.6242021335165,38.71441462488549
convergence,g11-convergence-s1234-tp4-20260901e,G11,1234,1234,16,True,R/R,0.0,1.0,4689.875,0.0,0.0,0.0,0.0,0.0,0.276747465133667,0.0,0.0,0.0,0.0,0.0,37519.0,80.39818501472473,8.431106567382812,108.31882071495056,14.893224954605103,4689.210162405293,29.2184809711265
convergence,g11-convergence-s1234-tp4-20260901e,G11,1234,1234,17,True,R/R,1.4901161193847656e-08,0.375,6066.875,0.25,0.0,-2.60770320892334e-08,-2.60770320892334e-08,0.0,0.28465336561203003,0.0,0.8873158263796865,0.0,0.0,0.0,48535.0,97.19358205795288,9.30036997795105,126.12310886383057,14.866850852966309,5381.465821192442,34.29128877268018
convergence,g11-convergence-s1234-tp4-20260901e,G11,1234,1234,18,True,R/R,3.725290298461914e-09,0.125,7132.5,0.75,0.0,7.450580596923828e-09,7.450580596923828e-09,0.0,0.25973057746887207,0.0,0.7212044644319678,0.0,0.0,0.0,57060.0,105.796058177948,9.898650169372559,135.1678385734558,14.826037645339966,5931.204229946745,38.43860829296844
convergence,g11-convergence-s1234-tp4-20260901e,G11,1234,1234,19,True,R/R,-3.725290298461914e-09,0.875,4652.375,0.0,0.0,-1.4901161193847656e-08,-1.4901161193847656e-08,0.0,0.29449933767318726,0.0,0.9413672791325095,0.0,0.0,0.0,37219.0,76.11164999008179,8.281607627868652,104.26063537597656,15.113470554351807,4681.206579602738,29.099304288535333
convergence,g11-convergence-s1234-tp4-20260901e,G11,1234,1234,20,True,R/R,1.4901161193847656e-08,0.375,6816.875,0.625,0.0,-3.725290298461914e-08,-3.725290298461914e-08,0.0,0.24625220894813538,0.0,0.8152251392493883,0.0,0.0,0.0,54535.0,103.47640776634216,9.686241149902344,132.92202854156494,15.027012586593628,5796.830105195905,37.40130199533276
convergence,g11-convergence-s1234-tp4-20260901e,G11,1234,1234,21,True,R/R,0.0,0.0,7168.0,1.0,0.0,0.0,0.0,0.0,0.41630423069000244,0.0,0.0,0.0,0.0,0.0,57344.0,106.26401209831238,9.841235160827637,135.62841892242432,14.919235706329346,5982.2227976844615,38.78180281329721
convergence,g11-convergence-s1234-tp4-20260901e,G11,1234,1234,22,True,R/R,0.0,0.0,7168.0,1.0,0.0,0.0,0.0,0.0,0.2508235573768616,0.0,0.0,0.0,0.0,0.0,57344.0,106.1765387058258,9.85792851448059,135.67486262321472,14.9394690990448,5946.71487341644,38.531223132893125
convergence,g11-convergence-s1234-tp4-20260901e,G11,1234,1234,23,True,R/R,0.0,0.0,7168.0,1.0,0.0,0.0,0.0,0.0,0.36989474296569824,0.0,0.0,0.0,0.0,0.0,57344.0,106.6138846874237,9.927589893341064,136.03686952590942,14.929622173309326,5935.141033373024,38.48117384683777
convergence,g11-convergence-s1234-tp4-20260901e,G11,1234,1234,24,True,R/R,-3.725290298461914e-09,0.875,5981.125,0.125,0.0,-5.587935447692871e-09,-5.587935447692871e-09,0.0,0.2737797498703003,0.0,0.838666294543068,0.0,0.0,0.0,47849.0,96.8875789642334,9.3179612159729,125.96221828460693,14.972325086593628,5512.711307602965,35.21945175095536
convergence,g11-convergence-s1234-tp4-20260901e,G11,1234,1234,25,True,R/R,0.0,0.75,4911.875,0.0,0.0,2.9802322387695312e-08,2.9802322387695312e-08,0.0,0.25254160165786743,0.0,0.9503059283615437,0.0,0.0,0.0,39295.0,76.27589797973633,8.336561918258667,104.34955954551697,15.04804515838623,4871.781731055424,30.391672453229415
convergence,g11-convergence-s1234-tp4-20260901e,G11,1234,1234,26,True,R/R,0.0,0.0,7168.0,1.0,0.0,0.0,0.0,0.0,0.2708841562271118,0.0,0.0,0.0,0.0,0.0,57344.0,106.2290210723877,9.865432500839233,135.7734396457672,14.896524906158447,5946.760697074138,38.53546602826195
convergence,g11-convergence-s1234-tp4-20260901e,G11,1234,1234,27,True,R/R,3.725290298461914e-09,0.125,6500.5,0.5,0.0,3.725290298461914e-08,3.725290298461914e-08,0.0,0.38082581758499146,0.0,1.0635068274360884,0.0,0.0,0.0,52004.0,100.56073665618896,9.54113507270813,129.76586151123047,14.899926900863647,5605.325232218392,36.00769321343525
convergence,g11-convergence-s1234-tp4-20260901e,G11,1234,1234,28,True,R/R,0.0,0.0,7168.0,1.0,0.0,0.0,0.0,0.0,0.2273862659931183,0.0,0.0,0.0,0.0,0.0,57344.0,107.02325057983398,9.903135538101196,136.6555371284485,14.947538137435913,6082.129774363316,39.5431592152662
convergence,g11-convergence-s1234-tp4-20260901e,G11,1234,1234,29,True,R/R,0.0,0.0,7168.0,1.0,0.0,0.0,0.0,0.0,0.3708828091621399,0.0,0.0,0.0,0.0,0.0,57344.0,106.32073712348938,9.81855297088623,135.91527724266052,14.975807428359985,6004.367014262157,38.93266464625175
convergence,g11-convergence-s1234-tp4-20260901e,G11,1234,1234,30,True,R/R,0.0,1.0,3108.5,0.0,0.0,0.0,0.0,0.0,0.20954370498657227,0.0,0.0,0.0,0.0,0.0,24868.0,60.98711681365967,5.526556968688965,86.19332838058472,14.876710891723633,4748.48139736718,28.84679357334061
convergence,g11-convergence-s1234-tp4-20260901e,G11,1234,1234,31,True,R/R,0.0,1.0,5337.875,0.0,0.0,0.0,0.0,0.0,0.22268211841583252,0.0,0.0,0.0,0.0,0.0,42703.0,87.66281962394714,8.869309663772583,116.26382637023926,14.943670988082886,4969.989521897735,31.289083527934324
convergence,g11-convergence-s1234-tp4-20260901e,G11,1234,1234,32,True,R/R,0.0,0.0,7168.0,1.0,0.0,0.0,0.0,0.0,0.2883322238922119,0.0,0.0,0.0,0.0,0.0,57344.0,107.22105598449707,9.8440682888031,136.98107171058655,15.096868991851807,6156.570289452184,40.05845648139664
convergence,g11-convergence-s1234-tp4-20260901e,G11,1234,1234,33,True,R/R,1.4901161193847656e-08,0.375,6945.625,0.625,0.0,-2.2351741790771484e-08,-2.2351741790771484e-08,0.0,0.2602505087852478,0.0,0.7806399443076306,0.0,0.0,0.0,55565.0,104.282883644104,9.866642951965332,133.9430251121521,14.915541887283325,5810.937330354535,37.56417413616166
convergence,g11-convergence-s1234-tp4-20260901e,G11,1234,1234,34,True,R/R,0.0,0.5,6497.25,0.5,0.0,-1.1175870895385742e-08,-1.1175870895385742e-08,0.0,0.2375715970993042,0.0,0.7908053271644351,0.0,0.0,0.0,51978.0,101.46691846847534,9.53995943069458,130.77171444892883,14.974579572677612,5777.917730592018,37.238323488052
convergence,g11-convergence-s1234-tp4-20260901e,G11,1234,1234,35,True,R/R,0.0,0.0,7168.0,1.0,0.0,0.0,0.0,0.0,0.32077518105506897,0.0,0.0,0.0,0.0,0.0,57344.0,106.19772243499756,9.952434301376343,135.98732161521912,15.066859483718872,5906.555419452072,38.28538422593681
convergence,g11-convergence-s1234-tp4-20260901e,G11,1234,1234,36,True,R/R,3.725290298461914e-09,0.125,7068.0,0.875,0.0,1.862645149230957e-08,1.862645149230957e-08,0.0,0.26625216007232666,0.0,0.8614848506833118,0.0,0.0,0.0,56544.0,105.29426527023315,9.810298442840576,134.96621346473694,15.152300357818604,5900.946675132422,38.18230598038146
convergence,g11-convergence-s1234-tp4-20260901e,G11,1234,1234,37,True,R/R,0.0,0.0,7168.0,1.0,0.0,0.0,0.0,0.0,0.2816567122936249,0.0,0.0,0.0,0.0,0.0,57344.0,106.56787848472595,9.82964825630188,136.12128615379333,14.950417757034302,6013.8226928252125,39.006612348448655
convergence,g11-convergence-s1234-tp4-20260901e,G11,1234,1234,38,True,R/R,0.0,0.0,7168.0,1.0,0.0,0.0,0.0,0.0,0.29822665452957153,0.0,0.0,0.0,0.0,0.0,57344.0,106.97879648208618,9.84903621673584,136.60949420928955,14.850255727767944,6162.899802982872,40.107137455201766
convergence,g11-convergence-s1234-tp4-20260901e,G11,1234,1234,39,True,R/R,0.0,0.0,7168.0,1.0,0.0,0.0,0.0,0.0,0.30728551745414734,0.0,0.0,0.0,0.0,0.0,57344.0,106.5908796787262,9.838685512542725,136.20074677467346,15.003084897994995,5987.9298831157885,38.82144981271271
convergence,g11-convergence-s1234-tp4-20260901e,G11,1234,1234,40,True,R/R,1.4901161193847656e-08,0.375,6855.625,0.625,0.0,-1.4901161193847656e-08,-1.4901161193847656e-08,0.0,0.2551245093345642,0.0,0.9143306958200721,0.0,0.0,0.0,54845.0,103.71215915679932,9.697691679000854,133.26171445846558,15.107828140258789,5867.454027559696,37.893810311611404
convergence,g11-convergence-s1234-tp4-20260901e,G11,1234,1234,41,True,R/R,0.0,0.25,7050.625,0.75,0.0,4.842877388000488e-08,4.842877388000488e-08,0.0,0.28912225365638733,0.0,0.7836617437435477,0.0,0.0,0.0,56405.0,105.20541858673096,9.899551630020142,134.90533542633057,15.015484094619751,5866.315344762962,37.97075420766998
convergence,g11-convergence-s1234-tp4-20260901e,G11,1234,1234,42,True,R/R,0.0,0.25,6968.25,0.625,0.0,1.4901161193847656e-08,1.4901161193847656e-08,0.0,0.36653923988342285,0.0,0.9532017911400337,0.0,0.0,0.0,55746.0,104.5614914894104,9.760751008987427,133.96329832077026,14.927266597747803,5912.034577244047,38.24201852978717
convergence,g11-convergence-s1234-tp4-20260901e,G11,1234,1234,43,True,R/R,0.0,0.0,7168.0,1.0,0.0,0.0,0.0,0.0,0.32147958874702454,0.0,0.0,0.0,0.0,0.0,57344.0,106.29735445976257,9.897690534591675,135.9020278453827,14.952976703643799,5952.980509683057,38.59683815630621
convergence,g11-convergence-s1234-tp4-20260901e,G11,1234,1234,44,True,R/R,0.0,1.0,4243.75,0.0,0.0,0.0,0.0,0.0,0.21138995885849,0.0,0.0,0.0,0.0,0.0,33950.0,66.31960105895996,7.066495895385742,93.350013256073,14.974580764770508,4992.346842812979,30.778111474692942
convergence,g11-convergence-s1234-tp4-20260901e,G11,1234,1234,45,True,R/R,0.0,1.0,4874.0,0.0,0.0,0.0,0.0,0.0,0.20010879635810852,0.0,0.0,0.0,0.0,0.0,38992.0,72.55945420265198,8.476034879684448,100.88292741775513,15.098487377166748,4784.557821646986,29.820402257482584
convergence,g11-convergence-s1234-tp4-20260901e,G11,1234,1234,46,True,R/R,0.0,0.75,6037.125,0.25,0.0,0.0,0.0,0.0,0.3164231777191162,0.0,0.8480147908738217,0.0,0.0,0.0,48297.0,96.58438777923584,9.305993795394897,125.73517966270447,15.065187931060791,5353.792606594454,34.11683074795467
convergence,g11-convergence-s1234-tp4-20260901e,G11,1234,1234,47,True,R/R,0.0,0.0,7168.0,1.0,0.0,0.0,0.0,0.0,0.47959819436073303,0.0,0.0,0.0,0.0,0.0,57344.0,106.82682824134827,9.812131643295288,136.32354831695557,14.990311861038208,6073.427954826934,39.43352192914919
convergence,g11-convergence-s1234-tp4-20260901e,G11,1234,1234,48,True,R/R,0.0,0.0,7168.0,1.0,0.0,0.0,0.0,0.0,0.4745352864265442,0.0,0.0,0.0,0.0,0.0,57344.0,106.49479532241821,9.810868978500366,136.1824493408203,14.934295177459717,6038.778052974463,39.17916223994184
convergence,g11-convergence-s1234-tp4-20260901e,G11,1234,1234,49,True,R/R,0.0,0.0,7168.0,1.0,0.0,0.0,0.0,0.0,0.30813440680503845,0.0,0.0,0.0,0.0,0.0,57344.0,106.24778628349304,9.804491519927979,135.6864812374115,14.865354299545288,5985.280277714886,38.78573779323426
convergence,g11-convergence-s1234-tp4-20260901e,G11,1234,1234,50,True,R/R,0.0,0.0,7168.0,1.0,0.0,0.0,0.0,0.0,0.25222480297088623,0.0,0.0,0.0,0.0,0.0,57344.0,106.66037225723267,9.81129264831543,136.2628858089447,15.021666765213013,5996.166543108947,38.8688822659432
convergence,g11-convergence-s1234-tp4-20260901e,G11,1234,1234,51,True,R/R,1.4901161193847656e-08,0.375,6949.25,0.5,0.0,-2.9802322387695312e-08,-2.9802322387695312e-08,0.0,0.2668120861053467,0.0,0.7702904843169147,0.0,0.0,0.0,55594.0,104.00471186637878,9.981399774551392,133.74109363555908,14.951888084411621,5684.76766754759,36.69337198810463
convergence,g11-convergence-s1234-tp4-20260901e,G11,1234,1234,52,True,R/R,0.0,0.0,7168.0,1.0,0.0,0.0,0.0,0.0,0.30809175968170166,0.0,0.0,0.0,0.0,0.0,57344.0,106.72320866584778,9.898323059082031,136.53400659561157,15.013869285583496,5942.1887171893295,38.51569662549951
convergence,g11-convergence-s1234-tp4-20260901e,G11,1234,1234,53,True,R/R,0.0,1.0,5540.875,0.0,0.0,0.0,0.0,0.0,0.24656343460083008,0.0,0.0,0.0,0.0,0.0,44327.0,88.91462755203247,8.945593357086182,118.57406449317932,15.92919111251831,5088.491727795756,32.10356184865426
convergence,g11-convergence-s1234-tp4-20260901e,G11,1234,1234,54,True,R/R,0.0,0.0,7168.0,1.0,0.0,0.0,0.0,0.0,0.2938944697380066,0.0,0.0,0.0,0.0,0.0,57344.0,106.40048933029175,9.902449131011963,137.03448700904846,15.912866830825806,5964.016726558475,38.677626761323395
convergence,g11-convergence-s1234-tp4-20260901e,G11,1234,1234,55,True,R/R,-3.725290298461914e-09,0.875,6562.375,0.125,0.0,-3.725290298461914e-09,-3.725290298461914e-09,0.0,0.2775299549102783,0.0,0.780283406257209,0.0,0.0,0.0,52499.0,100.62243008613586,9.710201978683472,130.02934336662292,15.001430034637451,5537.3042058111,35.51775898214651
convergence,g11-convergence-s1234-tp4-20260901e,G11,1234,1234,56,True,R/R,-1.4901161193847656e-08,0.625,6170.25,0.375,0.0,4.470348358154297e-08,4.470348358154297e-08,0.0,0.2046162635087967,0.0,0.7861293626792512,0.0,0.0,0.0,49362.0,97.864675283432,9.190547466278076,126.71147108078003,14.999943971633911,5538.948791285636,35.43850656176271
convergence,g11-convergence-s1234-tp4-20260901e,G11,1234,1234,57,True,R/R,-3.725290298461914e-09,0.875,2978.75,0.0,0.0,-2.60770320892334e-08,-2.60770320892334e-08,0.0,0.2358812391757965,0.0,1.4702926001990881,0.0,0.0,0.0,23830.0,49.6390118598938,5.527188777923584,74.83760261535645,14.985628366470337,4581.695489050815,27.64256719480009
convergence,g11-convergence-s1234-tp4-20260901e,G11,1234,1234,58,True,R/R,0.0,1.0,4510.875,0.0,0.0,0.0,0.0,0.0,0.24237072467803955,0.0,0.0,0.0,0.0,0.0,36087.0,69.9599142074585,7.91239857673645,97.57237434387207,14.941673040390015,4768.262988647216,29.550461733600347
convergence,g11-convergence-s1234-tp4-20260901e,G11,1234,1234,59,True,R/R,0.0,1.0,5017.625,0.0,0.0,0.0,0.0,0.0,0.2102598249912262,0.0,0.0,0.0,0.0,0.0,40141.0,78.26121830940247,8.109006404876709,106.02419710159302,14.863475322723389,5170.745895265587,32.376801662276
convergence,g11-convergence-s1234-tp4-20260901e,G11,1234,1234,60,True,R/R,0.0,0.0,7168.0,1.0,0.0,0.0,0.0,0.0,0.28096139430999756,0.0,0.0,0.0,0.0,0.0,57344.0,106.51224207878113,9.877191543579102,136.1457769870758,14.98118782043457,5997.908731405037,38.914668310909704
convergence,g11-convergence-s1234-tp4-20260901e,G11,1234,1234,61,True,R/R,1.4901161193847656e-08,0.375,7036.25,0.625,0.0,-2.2351741790771484e-08,-2.2351741790771484e-08,0.0,0.3298438787460327,0.0,0.9002060773474415,0.0,0.0,0.0,56290.0,105.42333936691284,9.90343189239502,135.16806197166443,14.97621750831604,5888.386674553906,38.13348647118055
convergence,g11-convergence-s1234-tp4-20260901e,G11,1234,1234,62,True,R/R,0.0,0.0,7168.0,1.0,0.0,0.0,0.0,0.0,0.36733803153038025,0.0,0.0,0.0,0.0,0.0,57344.0,106.75248694419861,9.894654512405396,136.4301495552063,14.97618055343628,6083.057013407893,39.54582400205364
convergence,g11-convergence-s1234-tp4-20260901e,G11,1234,1234,63,True,R/R,0.0,0.0,7168.0,1.0,0.0,0.0,0.0,0.0,0.3548415005207062,0.0,0.0,0.0,0.0,0.0,57344.0,106.32678389549255,9.813729286193848,135.99433970451355,15.049269199371338,6007.40541231056,38.95236579576498
convergence,g11-convergence-s1234-tp4-20260901e,G11,1234,1234,64,True,R/R,0.0,0.0,7168.0,1.0,0.0,0.0,0.0,0.0,0.37114471197128296,0.0,0.0,0.0,0.0,0.0,57344.0,106.22202038764954,9.825403213500977,135.77802300453186,15.010293960571289,5969.125482489209,38.679071280316414
convergence,g11-convergence-s1234-tp4-20260901e,G11,1234,1234,65,True,R/R,0.0,0.0,7168.0,1.0,0.0,0.0,0.0,0.0,0.3503168225288391,0.0,0.0,0.0,0.0,0.0,57344.0,106.46703314781189,9.836357593536377,136.16922092437744,14.923014640808105,6006.590600323505,38.957711001373305
convergence,g11-convergence-s1234-tp4-20260901e,G11,1234,1234,66,True,R/R,0.0,1.0,4224.0,0.0,0.0,0.0,0.0,0.0,0.31599417328834534,0.0,0.0,0.0,0.0,0.0,33792.0,65.19593548774719,7.601423978805542,92.6731686592102,15.138614416122437,4703.056736681896,29.018996544982876
convergence,g11-convergence-s1234-tp4-20260901e,G11,1234,1234,67,True,R/R,1.4901161193847656e-08,0.375,7027.0,0.625,0.0,-4.470348358154297e-08,-4.470348358154297e-08,0.0,0.22928835451602936,0.0,0.7965533037279625,0.0,0.0,0.0,56216.0,105.34095072746277,9.878845930099487,134.99712133407593,15.019336462020874,5869.5127786628855,37.982721137592016
convergence,g11-convergence-s1234-tp4-20260901e,G11,1234,1234,68,True,R/R,0.0,0.0,7168.0,1.0,0.0,0.0,0.0,0.0,0.41317498683929443,0.0,0.0,0.0,0.0,0.0,57344.0,106.55006647109985,9.864076137542725,136.19565725326538,14.96815824508667,6048.294656413811,39.27368104290816
convergence,g11-convergence-s1234-tp4-20260901e,G11,1234,1234,69,True,R/R,0.0,0.0,7168.0,1.0,0.0,0.0,0.0,0.0,0.38546353578567505,0.0,0.0,0.0,0.0,0.0,57344.0,106.59827208518982,9.854967832565308,136.3621141910553,15.0770423412323,5976.796378861196,38.747285185475846
convergence,g11-convergence-s1234-tp4-20260901e,G11,1234,1234,70,True,R/R,0.0,1.0,3331.625,0.0,0.0,0.0,0.0,0.0,0.23300614953041077,0.0,0.0,0.0,0.0,0.0,26653.0,53.46547722816467,5.598073244094849,78.79816770553589,15.010534524917603,4998.08255547503,30.328894297252425
convergence,g11-convergence-s1234-tp4-20260901e,G11,1234,1234,71,True,R/R,3.725290298461914e-09,0.125,7121.625,0.875,0.0,3.725290298461914e-08,3.725290298461914e-08,0.0,0.3257186710834503,0.0,0.8702095916010776,0.0,0.0,0.0,56973.0,105.86921048164368,9.850673913955688,135.4983196258545,15.00736927986145,5945.6365445202955,38.520093608425555
convergence,g11-convergence-s1234-tp4-20260901e,G11,1234,1234,72,True,R/R,0.0,0.0,7168.0,1.0,0.0,0.0,0.0,0.0,0.23375561833381653,0.0,0.0,0.0,0.0,0.0,57344.0,106.54213905334473,9.843961715698242,136.27898144721985,15.143894910812378,6052.797785396634,39.29689690664787
convergence,g11-convergence-s1234-tp4-20260901e,G11,1234,1234,73,True,R/R,0.0,1.0,5918.375,0.0,0.0,0.0,0.0,0.0,0.30153530836105347,0.0,0.0,0.0,0.0,0.0,47347.0,93.54915070533752,9.397582054138184,122.95200419425964,15.188085079193115,5246.38654360158,33.385740661337515
convergence,g11-convergence-s1234-tp4-20260901e,G11,1234,1234,74,True,R/R,0.0,0.5,4155.75,0.0,0.0,-7.450580596923828e-09,-7.450580596923828e-09,0.0,0.23623663187026978,0.0,1.2216588055894206,0.0,0.0,0.0,33246.0,69.1568500995636,7.360716342926025,96.44385313987732,15.163073062896729,4741.963367901251,29.264940081630925
convergence,g11-convergence-s1234-tp4-20260901e,G11,1234,1234,75,True,R/R,-1.4901161193847656e-08,0.625,6052.75,0.125,0.0,7.450580596923828e-09,7.450580596923828e-09,0.0,0.30924585461616516,0.0,1.0787967855622715,0.0,0.0,0.0,48422.0,97.9136700630188,9.674626588821411,127.4682092666626,14.976666688919067,5513.771884856736,35.37368359499907
convergence,g11-convergence-s1234-tp4-20260901e,G11,1234,1234,76,True,R/R,0.0,0.0,7168.0,1.0,0.0,0.0,0.0,0.0,0.3060561716556549,0.0,0.0,0.0,0.0,0.0,57344.0,106.52511405944824,9.903577327728271,136.1592755317688,14.949386835098267,6001.928443375349,38.95667872713606
convergence,g11-convergence-s1234-tp4-20260901e,G11,1234,1234,77,True,R/R,0.0,0.0,7168.0,1.0,0.0,0.0,0.0,0.0,0.33469098806381226,0.0,0.0,0.0,0.0,0.0,57344.0,106.81695032119751,9.847840070724487,137.4838376045227,15.9849271774292,6019.4064857897365,39.05614368349134
convergence,g11-convergence-s1234-tp4-20260901e,G11,1234,1234,78,True,R/R,0.0,0.5,6752.875,0.5,0.0,-1.862645149230957e-08,-1.862645149230957e-08,0.0,0.41742831468582153,0.0,1.0214754472564866,0.0,0.0,0.0,54023.0,102.81700229644775,9.736615657806396,132.2736575603485,14.944515943527222,5764.129191040407,37.17656550376393
convergence,g11-convergence-s1234-tp4-20260901e,G11,1234,1234,79,True,R/R,0.0,1.0,5067.625,0.0,0.0,0.0,0.0,0.0,0.2915680706501007,0.0,0.0,0.0,0.0,0.0,40541.0,77.52631855010986,8.729440689086914,106.09501242637634,15.120133876800537,4775.482209090981,29.86245640545893
convergence,g11-convergence-s1234-tp4-20260901e,G11,1234,1234,80,True,R/R,0.0,0.0,7168.0,1.0,0.0,0.0,0.0,0.0,0.29485151171684265,0.0,0.0,0.0,0.0,0.0,57344.0,106.7823543548584,9.843806982040405,136.4395546913147,15.002877473831177,6003.200113845156,38.93572089064885
convergence,g11-convergence-s1234-tp4-20260901e,G11,1234,1234,81,True,R/R,0.0,1.0,3349.625,0.0,0.0,0.0,0.0,0.0,0.2397172451019287,0.0,0.0,0.0,0.0,0.0,26797.0,55.97676181793213,5.720515251159668,81.57199048995972,15.074735641479492,4924.813717378232,29.893305679884858
convergence,g11-convergence-s1234-tp4-20260901e,G11,1234,1234,82,True,R/R,0.0,0.0,7168.0,1.0,0.0,0.0,0.0,0.0,0.39020875096321106,0.0,0.0,0.0,0.0,0.0,57344.0,106.35240912437439,9.853389263153076,135.8438367843628,14.898651361465454,5972.2950537274155,38.716121845669164
convergence,g11-convergence-s1234-tp4-20260901e,G11,1234,1234,83,True,R/R,3.725290298461914e-09,0.125,7129.875,0.875,0.0,3.5390257835388184e-08,3.5390257835388184e-08,0.0,0.44043827056884766,0.0,0.8855494044418792,0.0,0.0,0.0,57039.0,106.36530947685242,9.858709812164307,142.44967007637024,14.922964096069336,5969.183547900011,38.69480955938866
convergence,g11-convergence-s1234-tp4-20260901e,G11,1234,1234,84,True,R/R,0.0,0.0,7168.0,1.0,0.0,0.0,0.0,0.0,0.5726093053817749,0.0,0.0,0.0,0.0,0.0,57344.0,106.47894048690796,9.87036395072937,136.27907395362854,15.09342646598816,6000.813125980792,38.9321848535696
convergence,g11-convergence-s1234-tp4-20260901e,G11,1234,1234,85,True,R/R,0.0,0.0,7168.0,1.0,0.0,0.0,0.0,0.0,0.3491520285606384,0.0,0.0,0.0,0.0,0.0,57344.0,107.067143201828,9.824211120605469,136.6291332244873,15.085466861724854,6069.717994967984,39.41211896978199
convergence,g11-convergence-s1234-tp4-20260901e,G11,1234,1234,86,True,R/R,0.0,0.0,7168.0,1.0,0.0,0.0,0.0,0.0,0.3279462456703186,0.0,0.0,0.0,0.0,0.0,57344.0,106.30723237991333,9.843793630599976,136.12620329856873,14.889881372451782,5949.784084838917,38.54716183091577
convergence,g11-convergence-s1234-tp4-20260901e,G11,1234,1234,87,True,R/R,0.0,0.0,7168.0,1.0,0.0,0.0,0.0,0.0,0.3608044981956482,0.0,0.0,0.0,0.0,0.0,57344.0,106.57853746414185,9.828668117523193,136.37852001190186,15.226176738739014,6039.920446653738,39.19726147894369
convergence,g11-convergence-s1234-tp4-20260901e,G11,1234,1234,88,True,R/R,0.0,0.0,7168.0,1.0,0.0,0.0,0.0,0.0,0.251244455575943,0.0,0.0,0.0,0.0,0.0,57344.0,107.01968455314636,9.884571552276611,136.7266767024994,15.078819990158081,6026.666582580033,39.127910427510635
convergence,g11-convergence-s1234-tp4-20260901e,G11,1234,1234,89,True,R/R,0.0,1.0,5813.875,0.0,0.0,0.0,0.0,0.0,0.393779993057251,0.0,0.0,0.0,0.0,0.0,46511.0,89.95168161392212,9.089494943618774,118.86382627487183,15.018502712249756,5260.085745247838,33.313098963505404
convergence,g11-convergence-s1234-tp4-20260901e,G11,1234,1234,90,True,R/R,0.0,0.0,7168.0,1.0,0.0,0.0,0.0,0.0,0.28112536668777466,0.0,0.0,0.0,0.0,0.0,57344.0,106.75732016563416,9.86957597732544,136.56151676177979,15.126234769821167,5998.259047507745,38.912961018807444
convergence,g11-convergence-s1234-tp4-20260901e,G11,1234,1234,91,True,R/R,1.4901161193847656e-08,0.375,6975.25,0.625,0.0,-3.725290298461914e-08,-3.725290298461914e-08,0.0,0.5207419395446777,0.0,0.9746730684249759,0.0,0.0,0.0,55802.0,104.65662789344788,9.841892719268799,134.41095662117004,15.10407567024231,5864.999530210155,37.93936006623262
convergence,g11-convergence-s1234-tp4-20260901e,G11,1234,1234,92,True,R/R,0.0,0.0,7168.0,1.0,0.0,0.0,0.0,0.0,0.3850135803222656,0.0,0.0,0.0,0.0,0.0,57344.0,106.39062929153442,9.838010549545288,136.21383929252625,15.19633936882019,5994.91052093602,38.873337161422334
convergence,g11-convergence-s1234-tp4-20260901e,G11,1234,1234,93,True,R/R,0.0,1.0,3256.75,0.0,0.0,0.0,0.0,0.0,0.22374367713928223,0.0,0.0,0.0,0.0,0.0,26054.0,52.55140733718872,5.567930459976196,77.95188665390015,15.052792310714722,4923.183400068513,29.858651962374598
convergence,g11-convergence-s1234-tp4-20260901e,G11,1234,1234,94,True,R/R,1.4901161193847656e-08,0.375,6752.5,0.625,0.0,0.0,0.0,0.0,0.22581343352794647,0.0,0.7457431149038612,0.0,0.0,0.0,54020.0,102.60830640792847,9.712428569793701,131.75494360923767,14.90739369392395,5682.151644089104,36.57832168312189
convergence,g11-convergence-s1234-tp4-20260901e,G11,1234,1234,95,True,R/R,3.725290298461914e-09,0.125,7148.125,0.875,0.0,-7.450580596923828e-09,-7.450580596923828e-09,0.0,0.2239258736371994,0.0,0.7658441580241572,0.0,0.0,0.0,57185.0,105.98967838287354,9.991149663925171,135.9380567073822,15.13006854057312,5861.9912745915235,37.976109180348
convergence,g11-convergence-s1234-tp4-20260901e,G11,1234,1234,96,True,R/R,-3.725290298461914e-09,0.875,4928.875,0.0,0.0,-2.0489096641540527e-08,-2.0489096641540527e-08,0.0,0.4052520990371704,0.0,1.2423779803408328,0.0,0.0,0.0,39431.0,77.97472834587097,8.468602418899536,106.30384039878845,15.071055889129639,4846.443823544827,30.277527453630057
convergence,g11-convergence-s1234-tp4-20260901e,G11,1234,1234,97,True,R/R,3.725290298461914e-09,0.125,6745.5,0.75,0.0,1.1175870895385742e-08,1.1175870895385742e-08,0.0,0.3589279055595398,0.0,1.0690678508661433,0.0,0.0,0.0,53964.0,102.65692257881165,9.622698545455933,132.00204038619995,14.914534091949463,5762.504404158269,37.137722049879024
convergence,g11-convergence-s1234-tp4-20260901e,G11,1234,1234,98,True,R/R,0.0,0.75,6144.625,0.25,0.0,-1.1175870895385742e-08,-1.1175870895385742e-08,0.0,0.20730414986610413,0.0,0.7951150420461451,0.0,0.0,0.0,49157.0,97.55708241462708,9.419418334960938,126.7019693851471,15.065852165222168,5375.583731119635,34.29645375773765
convergence,g11-convergence-s1234-tp4-20260901e,G11,1234,1234,99,True,R/R,0.0,0.0,7168.0,1.0,0.0,0.0,0.0,0.0,0.2882508337497711,0.0,0.0,0.0,0.0,0.0,57344.0,106.68945717811584,9.834395170211792,136.37773275375366,15.062776565551758,6011.66905708709,38.99330836635217
convergence,g11-convergence-s1234-tp4-20260901e,G11,1234,1234,100,True,R/R,0.0,0.0,7168.0,1.0,0.0,0.0,0.0,0.0,0.2735469937324524,0.0,0.0,0.0,0.0,0.0,57344.0,106.28754448890686,9.806392192840576,135.9364790916443,15.042081594467163,6005.374243866311,38.9338824107502
convergence,g11-convergence-s1234-tp4-20260901e,G11,1234,1234,101,True,R/R,0.0,0.0,7168.0,1.0,0.0,0.0,0.0,0.0,0.361169695854187,0.0,0.0,0.0,0.0,0.0,57344.0,106.8209319114685,9.901817798614502,136.48715496063232,14.942768335342407,5997.253930072009,38.92169515525892
convergence,g11-convergence-s1234-tp4-20260901e,G11,1234,1234,102,True,R/R,0.0,0.0,6724.0,0.5,0.0,0.0,0.0,0.0,0.18880769610404968,0.0,0.0,0.0,0.0,0.0,53792.0,102.39194560050964,9.553484678268433,131.79536747932434,15.029273271560669,5800.723553909788,37.35912684574977
convergence,g11-convergence-s1234-tp4-20260901e,G11,1234,1234,103,True,R/R,3.725290298461914e-09,0.125,7016.875,0.875,0.0,2.60770320892334e-08,2.60770320892334e-08,0.0,0.2530791163444519,0.0,0.8328052556222023,0.0,0.0,0.0,56135.0,105.5742506980896,9.827818870544434,135.1044671535492,15.00511360168457,6011.749909847417,39.00494428804341
convergence,g11-convergence-s1234-tp4-20260901e,G11,1234,1234,104,True,R/R,0.0,0.0,7168.0,1.0,0.0,0.0,0.0,0.0,0.29566729068756104,0.0,0.0,0.0,0.0,0.0,57344.0,106.69199013710022,9.851261854171753,136.30255961418152,15.153182029724121,6001.256569681742,38.92577016216928
convergence,g11-convergence-s1234-tp4-20260901e,G11,1234,1234,105,True,R/R,0.0,0.75,5590.75,0.25,0.0,-2.2351741790771484e-08,-2.2351741790771484e-08,0.0,0.32656675577163696,0.0,0.9455473742042074,0.0,0.0,0.0,44726.0,93.33641409873962,8.94580626487732,122.42829370498657,15.104126453399658,5224.581578467926,33.129176828294774
convergence,g11-convergence-s1234-tp4-20260901e,G11,1234,1234,106,True,R/R,3.725290298461914e-09,0.125,7049.375,0.875,0.0,2.9802322387695312e-08,2.9802322387695312e-08,0.0,0.3635643720626831,0.0,0.9229689427561741,0.0,0.0,0.0,56395.0,105.63518595695496,9.83190655708313,135.2051763534546,14.914693832397461,5891.9273261128,38.12742905737707
convergence,g11-convergence-s1234-tp4-20260901e,G11,1234,1234,107,True,R/R,0.0,1.0,3624.75,0.0,0.0,0.0,0.0,0.0,0.21269957721233368,0.0,0.0,0.0,0.0,0.0,28998.0,56.18070149421692,6.38499641418457,82.35863637924194,14.968626022338867,4704.07131306218,28.66321240318907
convergence,g11-convergence-s1234-tp4-20260901e,G11,1234,1234,108,True,R/R,0.0,1.0,3041.875,0.0,0.0,0.0,0.0,0.0,0.15064120292663574,0.0,0.0,0.0,0.0,0.0,24335.0,52.651655197143555,5.404544830322266,77.93315744400024,15.059983253479004,4708.672321417239,28.46702605389734
convergence,g11-convergence-s1234-tp4-20260901e,G11,1234,1234,109,True,R/R,0.0,0.25,6751.375,0.75,0.0,0.0,0.0,0.0,0.27480289340019226,0.0,1.1846440756931296,0.0,0.0,0.0,54011.0,102.89007329940796,9.654811143875122,132.3534152507782,15.029286861419678,5775.618409426517,37.270949923295845
convergence,g11-convergence-s1234-tp4-20260901e,G11,1234,1234,110,True,R/R,0.0,0.0,7168.0,1.0,0.0,0.0,0.0,0.0,0.24997618794441223,0.0,0.0,0.0,0.0,0.0,57344.0,106.71621870994568,9.79280424118042,136.17845392227173,14.963071346282959,6051.600350358378,39.26369091000331
convergence,g11-convergence-s1234-tp4-20260901e,G11,1234,1234,111,True,R/R,0.0,0.0,6863.5,0.625,0.0,0.0,0.0,0.0,0.3493388593196869,0.0,0.0,0.0,0.0,0.0,54908.0,103.96071672439575,9.721823930740356,133.46536540985107,14.94528579711914,5892.6128200437815,38.08725674699258
convergence,g11-convergence-s1234-tp4-20260901e,G11,1234,1234,112,True,R/R,0.0,1.0,4166.0,0.0,0.0,0.0,0.0,0.0,0.18109069764614105,0.0,0.0,0.0,0.0,0.0,33328.0,70.31276106834412,7.003165006637573,96.95837330818176,14.908791065216064,4950.507115892953,30.537230313934376
convergence,g11-convergence-s1234-tp4-20260901e,G11,1234,1234,113,True,R/R,-3.725290298461914e-09,0.875,6562.375,0.125,0.0,-1.30385160446167e-08,-1.30385160446167e-08,0.0,0.3049176037311554,0.0,0.8726368054142074,0.0,0.0,0.0,52499.0,100.60189032554626,9.73605489730835,130.11544919013977,14.971629619598389,5504.721831374881,35.30069018986287
convergence,g11-convergence-s1234-tp4-20260901e,G11,1234,1234,114,True,R/R,0.0,0.0,7168.0,1.0,0.0,0.0,0.0,0.0,0.34199514985084534,0.0,0.0,0.0,0.0,0.0,57344.0,106.5103063583374,9.830886363983154,136.22577285766602,15.204817295074463,6039.328355522597,39.193418986134105
convergence,g11-convergence-s1234-tp4-20260901e,G11,1234,1234,115,True,R/R,0.0,0.0,7168.0,1.0,0.0,0.0,0.0,0.0,0.4919268488883972,0.0,0.0,0.0,0.0,0.0,57344.0,106.46011233329773,9.80409049987793,136.1487057209015,15.043242692947388,6050.799644977336,39.26318000361286
convergence,g11-convergence-s1234-tp4-20260901e,G11,1234,1234,116,True,R/R,0.0,0.0,7168.0,1.0,0.0,0.0,0.0,0.0,0.26069390773773193,0.0,0.0,0.0,0.0,0.0,57344.0,106.49633073806763,9.82240080833435,136.1509108543396,15.061467170715332,6050.456554512545,39.27032156488468
convergence,g11-convergence-s1234-tp4-20260901e,G11,1234,1234,117,True,R/R,0.0,0.0,7168.0,1.0,0.0,0.0,0.0,0.0,0.28970998525619507,0.0,0.0,0.0,0.0,0.0,57344.0,106.69473791122437,9.824509859085083,136.35557746887207,15.041386365890503,6026.6201529596965,39.09761666599564
convergence,g11-convergence-s1234-tp4-20260901e,G11,1234,1234,118,True,R/R,-1.4901161193847656e-08,0.625,6242.25,0.375,0.0,4.470348358154297e-08,4.470348358154297e-08,0.0,0.21079449355602264,0.0,0.8558641329989549,0.0,0.0,0.0,49938.0,98.41873836517334,9.40349531173706,127.6920440196991,15.154156923294067,5471.657773900555,34.97376839176818
convergence,g11-convergence-s1234-tp4-20260901e,G11,1234,1234,119,True,R/R,0.0,1.0,2841.75,0.0,0.0,0.0,0.0,0.0,0.17748993635177612,0.0,0.0,0.0,0.0,0.0,22734.0,40.90266513824463,5.349882364273071,66.22668194770813,15.083173274993896,4576.318820390376,27.504851040464022
convergence,g11-convergence-s1234-tp4-20260901e,G11,1234,1234,120,True,R/R,0.0,0.0,7168.0,1.0,0.0,0.0,0.0,0.0,0.2349124401807785,0.0,0.0,0.0,0.0,0.0,57344.0,106.51370573043823,9.858698844909668,136.20049285888672,15.042034387588501,5942.688822932927,38.50316504652622
convergence,g11-convergence-s1234-tp4-20260901e,G11,1234,1234,121,True,R/R,0.0,0.0,7168.0,1.0,0.0,0.0,0.0,0.0,0.320705771446228,0.0,0.0,0.0,0.0,0.0,57344.0,106.25722432136536,9.844151735305786,135.83053636550903,14.951059579849243,5960.026702399443,38.61945336777992
convergence,g11-convergence-s1234-tp4-20260901e,G11,1234,1234,122,True,R/R,0.0,1.0,2942.125,0.0,0.0,0.0,0.0,0.0,0.1814902275800705,0.0,0.0,0.0,0.0,0.0,23537.0,46.6624436378479,5.30816388130188,71.7007896900177,14.92196249961853,4716.41507517789,28.420477099550258
convergence,g11-convergence-s1234-tp4-20260901e,G11,1234,1234,123,True,R/R,0.0,0.5,6723.25,0.5,0.0,-1.1175870895385742e-08,-1.1175870895385742e-08,0.0,0.23358435928821564,0.0,0.7345190109924371,0.0,0.0,0.0,53786.0,102.27165150642395,9.670225381851196,131.6536180973053,14.887176752090454,5706.9307407977785,36.737154771879865
convergence,g11-convergence-s1234-tp4-20260901e,G11,1234,1234,124,True,R/R,0.0,0.0,7168.0,1.0,0.0,0.0,0.0,0.0,0.26362764835357666,0.0,0.0,0.0,0.0,0.0,57344.0,106.37381839752197,9.834612607955933,136.29474258422852,14.961465120315552,6007.93605269899,38.96577294383925
convergence,g11-convergence-s1234-tp4-20260901e,G11,1234,1234,125,True,R/R,0.0,1.0,4858.5,0.0,0.0,0.0,0.0,0.0,0.275801420211792,0.0,0.0,0.0,0.0,0.0,38868.0,79.54970455169678,8.505369186401367,107.8731255531311,14.983816146850586,4779.379014277609,29.844267734431252
convergence,g11-convergence-s1234-tp4-20260901e,G11,1234,1234,126,True,R/R,0.0,0.0,7168.0,1.0,0.0,0.0,0.0,0.0,0.2718536853790283,0.0,0.0,0.0,0.0,0.0,57344.0,106.65323376655579,9.859356880187988,136.22447156906128,14.932157039642334,5980.302397366537,38.775305524652076
convergence,g11-convergence-s1234-tp4-20260901e,G11,1234,1234,127,True,R/R,0.0,0.0,6372.75,0.375,0.0,0.0,0.0,0.0,0.42641231417655945,0.0,0.0,0.0,0.0,0.0,50982.0,99.5882842540741,9.38172197341919,128.86347913742065,15.061702251434326,5627.754692144418,36.08764338232775
convergence,g11-convergence-s1234-tp4-20260901e,G11,1234,1234,128,True,R/R,0.0,1.0,5203.5,0.0,0.0,0.0,0.0,0.0,0.3665175139904022,0.0,0.0,0.0,0.0,0.0,41628.0,81.31767416000366,8.66981291770935,109.8952419757843,15.10841155052185,4959.071390306749,31.099986499639126
convergence,g11-convergence-s1234-tp4-20260901e,G11,1234,1234,129,True,R/R,0.0,0.0,7168.0,1.0,0.0,0.0,0.0,0.0,0.29115769267082214,0.0,0.0,0.0,0.0,0.0,57344.0,106.30830907821655,9.835144758224487,136.03457236289978,15.058851480484009,5981.96530109182,38.77682571614169
convergence,g11-convergence-s1234-tp4-20260901e,G11,1234,1234,130,True,R/R,0.0,1.0,3412.875,0.0,0.0,0.0,0.0,0.0,0.2000093311071396,0.0,0.0,0.0,0.0,0.0,27303.0,53.072378158569336,5.607032299041748,78.32843971252441,14.878668069839478,5127.23637919981,31.146842906051766
convergence,g11-convergence-s1234-tp4-20260901e,G11,1234,1234,131,True,R/R,0.0,0.0,7168.0,1.0,0.0,0.0,0.0,0.0,0.4319975972175598,0.0,0.0,0.0,0.0,0.0,57344.0,106.41915535926819,9.913719177246094,136.12615847587585,14.964315176010132,5956.874260242546,38.63196547830976
convergence,g11-convergence-s1234-tp4-20260901e,G11,1234,1234,132,True,R/R,0.0,1.0,4393.25,0.0,0.0,0.0,0.0,0.0,0.23911124467849731,0.0,0.0,0.0,0.0,0.0,35146.0,69.23645186424255,7.768442153930664,97.78591728210449,15.974226474761963,4777.430558370154,29.57121464575847
convergence,g11-convergence-s1234-tp4-20260901e,G11,1234,1234,133,True,R/R,0.0,0.25,6742.75,0.75,0.0,0.0,0.0,0.0,0.19753292202949524,0.0,0.7621552219414436,0.0,0.0,0.0,53942.0,102.59901881217957,9.685630321502686,132.27884340286255,15.205614805221558,5689.731437322571,36.67403979749687
convergence,g11-convergence-s1234-tp4-20260901e,G11,1234,1234,134,True,R/R,0.0,1.0,3884.75,0.0,0.0,0.0,0.0,0.0,0.24136915802955627,0.0,0.0,0.0,0.0,0.0,31078.0,61.74530005455017,6.307037591934204,87.9226496219635,15.07162356376648,5154.4498830885705,31.597019991826993
convergence,g11-convergence-s1234-tp4-20260901e,G11,1234,1234,135,True,R/R,0.0,1.0,4770.125,0.0,0.0,0.0,0.0,0.0,0.22912871837615967,0.0,0.0,0.0,0.0,0.0,38161.0,83.05987668037415,7.3149330615997314,110.27387976646423,15.06610631942749,5386.464478116082,33.6415855274577
convergence,g11-convergence-s1234-tp4-20260901e,G11,1234,1234,136,True,R/R,0.0,0.0,7168.0,1.0,0.0,0.0,0.0,0.0,0.29016029834747314,0.0,0.0,0.0,0.0,0.0,57344.0,106.35691976547241,9.826253414154053,136.02771186828613,15.046844005584717,5988.83303723953,38.82266899820101
convergence,g11-convergence-s1234-tp4-20260901e,G11,1234,1234,137,True,R/R,0.0,1.0,4796.375,0.0,0.0,0.0,0.0,0.0,0.1824309527873993,0.0,0.0,0.0,0.0,0.0,38371.0,72.33375096321106,8.381801843643188,100.72745990753174,15.137195348739624,4753.258240979486,29.58561380294257
convergence,g11-convergence-s1234-tp4-20260901e,G11,1234,1234,138,True,R/R,0.0,0.0,7168.0,1.0,0.0,0.0,0.0,0.0,0.34472280740737915,0.0,0.0,0.0,0.0,0.0,57344.0,106.66308379173279,9.860812902450562,140.0180413722992,18.700576066970825,5984.022396958633,38.80207253539916
convergence,g11-convergence-s1234-tp4-20260901e,G11,1234,1234,139,True,R/R,0.0,1.0,5233.0,0.0,0.0,0.0,0.0,0.0,0.2399088442325592,0.0,0.0,0.0,0.0,0.0,41864.0,87.77922749519348,8.533170938491821,116.19944596290588,15.120784997940063,5117.437557142433,32.1998972856662
convergence,g11-convergence-s1234-tp4-20260901e,G11,1234,1234,140,True,R/R,0.0,0.0,7168.0,1.0,0.0,0.0,0.0,0.0,0.3161659240722656,0.0,0.0,0.0,0.0,0.0,57344.0,106.25823736190796,9.818536043167114,135.79692339897156,14.981595277786255,5976.256745112817,38.727263611035035
convergence,g11-convergence-s1234-tp4-20260901e,G11,1234,1234,141,True,R/R,3.725290298461914e-09,0.125,7167.25,0.875,0.0,-3.725290298461914e-09,-3.725290298461914e-09,0.0,0.33183735609054565,0.0,0.8826371415430503,0.0,0.0,0.0,57338.0,107.23869204521179,9.891815662384033,136.9379904270172,15.12413239479065,6156.258285162805,40.08178776972741
convergence,g11-convergence-s1234-tp4-20260901e,G11,1234,1234,142,True,R/R,0.0,1.0,3834.625,0.0,0.0,0.0,0.0,0.0,0.2444797158241272,0.0,0.0,0.0,0.0,0.0,30677.0,61.687840700149536,6.182439088821411,87.6212375164032,14.986059665679932,5210.7250149412,31.921556264040746
convergence,g11-convergence-s1234-tp4-20260901e,G11,1234,1234,143,True,R/R,0.0,1.0,5016.125,0.0,0.0,0.0,0.0,0.0,0.3366270959377289,0.0,0.0,0.0,0.0,0.0,40129.0,83.13061332702637,8.561321258544922,111.51257109642029,15.138887405395508,4910.272585696943,30.750157012852974
convergence,g11-convergence-s1234-tp4-20260901e,G11,1234,1234,144,True,R/R,0.0,1.0,3599.75,0.0,0.0,0.0,0.0,0.0,0.251398503780365,0.0,0.0,0.0,0.0,0.0,28798.0,56.036277294158936,5.6889190673828125,81.5456793308258,15.057341575622559,5521.622944114486,33.75625030285137
convergence,g11-convergence-s1234-tp4-20260901e,G11,1234,1234,145,True,R/R,-1.4901161193847656e-08,0.625,6572.125,0.375,0.0,4.842877388000488e-08,4.842877388000488e-08,0.0,0.2958953082561493,0.0,0.8921654078859936,0.0,0.0,0.0,52577.0,100.99381303787231,9.788766860961914,130.56375932693481,15.039905071258545,5510.918414545211,35.37989617530043
convergence,g11-convergence-s1234-tp4-20260901e,G11,1234,1234,146,True,R/R,0.0,0.0,7168.0,1.0,0.0,0.0,0.0,0.0,0.3647816777229309,0.0,0.0,0.0,0.0,0.0,57344.0,106.30568647384644,9.91199254989624,136.01618218421936,15.068060874938965,5939.216065327897,38.50299697969601
convergence,g11-convergence-s1234-tp4-20260901e,G11,1234,1234,147,True,R/R,-3.725290298461914e-09,0.875,6358.625,0.125,0.0,-1.862645149230957e-09,-1.862645149230957e-09,0.0,0.2572970390319824,0.0,0.8926396254839866,0.0,0.0,0.0,50869.0,100.12709665298462,9.47467041015625,129.44930863380432,15.051716566085815,5736.609060956017,36.86734338172835
convergence,g11-convergence-s1234-tp4-20260901e,G11,1234,1234,148,True,R/R,0.0,1.0,3989.875,0.0,0.0,0.0,0.0,0.0,0.20656436681747437,0.0,0.0,0.0,0.0,0.0,31919.0,64.42954301834106,6.551229953765869,90.71045899391174,15.067670106887817,5059.765887669779,31.064815432097173
convergence,g11-convergence-s1234-tp4-20260901e,G11,1234,1234,149,True,R/R,1.4901161193847656e-08,0.375,6846.0,0.625,0.0,0.0,0.0,0.0,0.2770436108112335,0.0,0.8796056380727433,0.0,0.0,0.0,54768.0,103.56030344963074,9.498394250869751,132.9811041355133,15.13652229309082,5952.188379660559,38.413781425072
convergence,g11-convergence-s1234-tp4-20260901e,G11,1234,1234,150,True,R/R,0.0,1.0,2079.75,0.0,0.0,0.0,0.0,0.0,0.3441318869590759,0.0,0.0,0.0,0.0,0.0,16638.0,34.750821590423584,4.4592390060424805,59.16800117492676,15.172546625137329,3988.9027066334756,23.657169820536772
convergence,g11-convergence-s1234-tp4-20260901e,G11,1234,1234,151,True,R/R,-3.725290298461914e-09,0.875,5174.75,0.125,0.0,0.0,0.0,0.0,0.19138669967651367,0.0,0.9414780775345,0.0,0.0,0.0,41398.0,89.48445415496826,8.848736763000488,118.18456840515137,15.125012874603271,4820.584925351536,30.276126051324106
convergence,g11-convergence-s1234-tp4-20260901e,G11,1234,1234,152,True,R/R,0.0,0.0,7168.0,1.0,0.0,0.0,0.0,0.0,0.3625980317592621,0.0,0.0,0.0,0.0,0.0,57344.0,106.29785180091858,9.826718807220459,136.09006595611572,14.982118606567383,5974.4196634376995,38.71535897752586
convergence,g11-convergence-s1234-tp4-20260901e,G11,1234,1234,153,True,R/R,0.0,1.0,5617.5,0.0,0.0,0.0,0.0,0.0,0.2675483226776123,0.0,0.0,0.0,0.0,0.0,44940.0,91.59982752799988,8.772034406661987,120.4679913520813,14.959800481796265,5310.399469584792,33.62820291452803
convergence,g11-convergence-s1234-tp4-20260901e,G11,1234,1234,154,True,R/R,-3.725290298461914e-09,0.875,5486.5,0.125,0.0,-5.587935447692871e-09,-5.587935447692871e-09,0.0,0.25076621770858765,0.0,0.746985416949197,0.0,0.0,0.0,43892.0,92.19539999961853,8.776500940322876,120.77260422706604,15.011022329330444,5171.500481954117,32.67772002519447
convergence,g11-convergence-s1234-tp4-20260901e,G11,1234,1234,155,True,R/R,0.0,1.0,4016.5,0.0,0.0,0.0,0.0,0.0,0.16167952120304108,0.0,0.0,0.0,0.0,0.0,32132.0,61.88561749458313,6.438212871551514,88.16743755340576,15.045132160186768,5212.336945109171,32.02126789963637
convergence,g11-convergence-s1234-tp4-20260901e,G11,1234,1234,156,True,R/R,0.0,1.0,5361.25,0.0,0.0,0.0,0.0,0.0,0.25006091594696045,0.0,0.0,0.0,0.0,0.0,42890.0,85.13082098960876,8.895331382751465,113.76079773902893,14.97626519203186,5034.930033710516,31.692821168023894
convergence,g11-convergence-s1234-tp4-20260901e,G11,1234,1234,157,True,R/R,0.0,0.0,7168.0,1.0,0.0,0.0,0.0,0.0,0.21544548869132996,0.0,0.0,0.0,0.0,0.0,57344.0,106.31903028488159,9.918592691421509,136.03642916679382,15.008241415023804,5926.886623979272,38.41651250196119
convergence,g11-convergence-s1234-tp4-20260901e,G11,1234,1234,158,True,R/R,0.0,0.0,7168.0,1.0,0.0,0.0,0.0,0.0,0.22067534923553467,0.0,0.0,0.0,0.0,0.0,57344.0,106.47345614433289,9.939860343933105,137.25790786743164,16.02967667579651,5898.101544455803,38.217541850888196
convergence,g11-convergence-s1234-tp4-20260901e,G11,1234,1234,159,True,R/R,0.0,0.5,2076.625,0.0,0.0,1.4901161193847656e-08,1.4901161193847656e-08,0.0,0.2065499722957611,0.0,1.8307076494047627,0.0,0.0,0.0,16613.0,30.99752163887024,4.38522744178772,55.549827575683594,15.1596360206604,4115.679889165522,24.380747003220094
convergence,g11-convergence-s1234-tp4-20260901e,G11,1234,1234,160,True,R/R,0.0,0.0,7168.0,1.0,0.0,0.0,0.0,0.0,0.36881357431411743,0.0,0.0,0.0,0.0,0.0,57344.0,106.48476839065552,9.82790732383728,136.2992308139801,15.170084953308105,6018.496699081193,39.040256685809304
convergence,g11-convergence-s1234-tp4-20260901e,G11,1234,1234,161,True,R/R,0.0,1.0,4605.5,0.0,0.0,0.0,0.0,0.0,0.23782871663570404,0.0,0.0,0.0,0.0,0.0,36844.0,70.9047920703888,7.588473081588745,98.32134461402893,14.971625566482544,5027.442226328106,31.205784124248453
convergence,g11-convergence-s1234-tp4-20260901e,G11,1234,1234,162,True,R/R,0.0,0.0,7168.0,1.0,0.0,0.0,0.0,0.0,0.25266557931900024,0.0,0.0,0.0,0.0,0.0,57344.0,106.90417337417603,9.82996916770935,136.96385192871094,15.393736600875854,6143.690605506192,39.95698776784767
convergence,g11-convergence-s1234-tp4-20260901e,G11,1234,1234,163,True,R/R,1.4901161193847656e-08,0.375,6770.75,0.625,0.0,-1.4901161193847656e-08,-1.4901161193847656e-08,0.0,0.2774495780467987,0.0,0.8176011827245694,0.0,0.0,0.0,54166.0,103.0316801071167,9.662811994552612,132.9263617992401,15.108536958694458,5807.466394793424,37.484926236196124
convergence,g11-convergence-s1234-tp4-20260901e,G11,1234,1234,164,True,R/R,0.0,0.0,7168.0,1.0,0.0,0.0,0.0,0.0,0.2929115891456604,0.0,0.0,0.0,0.0,0.0,57344.0,106.55230164527893,9.799777030944824,136.4532208442688,15.150434494018555,5999.676688452111,38.888981976248616
convergence,g11-convergence-s1234-tp4-20260901e,G11,1234,1234,165,True,R/R,0.0,1.0,4781.25,0.0,0.0,0.0,0.0,0.0,0.2765621542930603,0.0,0.0,0.0,0.0,0.0,38250.0,83.5475697517395,7.815023422241211,111.28426361083984,15.153486013412476,5064.568019157702,31.646082695599965
convergence,g11-convergence-s1234-tp4-20260901e,G11,1234,1234,166,True,R/R,1.4901161193847656e-08,0.375,6774.0,0.625,0.0,-5.21540641784668e-08,-5.21540641784668e-08,0.0,0.4095819592475891,0.0,1.0471015229614187,0.0,0.0,0.0,54192.0,102.79275250434875,9.531656980514526,132.09194469451904,14.954890012741089,5825.929269516545,37.545153081836084
convergence,g11-convergence-s1234-tp4-20260901e,G11,1234,1234,167,True,R/R,0.0,1.0,4059.0,0.0,0.0,0.0,0.0,0.0,0.24671649932861328,0.0,0.0,0.0,0.0,0.0,32472.0,60.3428099155426,6.93825364112854,87.18427991867065,15.063477754592896,4907.487580927157,30.150022029311586
convergence,g11-convergence-s1234-tp4-20260901e,G11,1234,1234,168,True,R/R,0.0,0.0,7168.0,1.0,0.0,0.0,0.0,0.0,0.3675587475299835,0.0,0.0,0.0,0.0,0.0,57344.0,106.2992115020752,9.839010953903198,135.86057257652283,14.941007852554321,5972.337996128129,38.70913480411239
convergence,g11-convergence-s1234-tp4-20260901e,G11,1234,1234,169,True,R/R,0.0,1.0,5620.375,0.0,0.0,0.0,0.0,0.0,0.2560022473335266,0.0,0.0,0.0,0.0,0.0,44963.0,92.19208717346191,8.984221458435059,120.87776279449463,14.876828670501709,5228.679686492196,33.15856251443465
convergence,g11-convergence-s1234-tp4-20260901e,G11,1234,1234,170,True,R/R,0.0,1.0,3718.0,0.0,0.0,0.0,0.0,0.0,0.27128690481185913,0.0,0.0,0.0,0.0,0.0,29744.0,57.998475074768066,6.311166286468506,84.13588428497314,15.066863536834717,4954.745859952201,30.272394770146878
convergence,g11-convergence-s1234-tp4-20260901e,G11,1234,1234,171,True,R/R,0.0,0.0,7168.0,1.0,0.0,0.0,0.0,0.0,0.30513694882392883,0.0,0.0,0.0,0.0,0.0,57344.0,106.316246509552,9.808502912521362,136.01705884933472,15.143722534179688,5995.992771110747,38.86642960802823
convergence,g11-convergence-s1234-tp4-20260901e,G11,1234,1234,172,True,R/R,0.0,0.0,7168.0,1.0,0.0,0.0,0.0,0.0,0.29002976417541504,0.0,0.0,0.0,0.0,0.0,57344.0,106.47453927993774,9.827337741851807,136.06204986572266,15.020173072814941,6045.217678297744,39.23431312501361
convergence,g11-convergence-s1234-tp4-20260901e,G11,1234,1234,173,True,R/R,0.0,0.75,5302.25,0.25,0.0,-3.725290298461914e-09,-3.725290298461914e-09,0.0,0.31783053278923035,0.0,0.9145071464267686,0.0,0.0,0.0,42418.0,91.10562133789062,8.280426502227783,119.55698323249817,15.216026067733765,5312.464555211632,33.54692398276475
convergence,g11-convergence-s1234-tp4-20260901e,G11,1234,1234,174,True,R/R,0.0,0.0,7168.0,1.0,0.0,0.0,0.0,0.0,0.2994121313095093,0.0,0.0,0.0,0.0,0.0,57344.0,106.42725777626038,9.923699378967285,137.36109519004822,16.098244190216064,5958.576010345745,38.65025047428992
convergence,g11-convergence-s1234-tp4-20260901e,G11,1234,1234,175,True,R/R,0.0,0.0,7168.0,1.0,0.0,0.0,0.0,0.0,0.3000553250312805,0.0,0.0,0.0,0.0,0.0,57344.0,106.73192071914673,9.843688249588013,136.58534622192383,15.232363224029541,6075.144015190798,39.46213237759358
convergence,g11-convergence-s1234-tp4-20260901e,G11,1234,1234,176,True,R/R,0.0,1.0,1362.625,0.0,0.0,0.0,0.0,0.0,0.19049625098705292,0.0,0.0,0.0,0.0,0.0,10901.0,20.290615558624268,3.5965168476104736,43.761765003204346,15.151153326034546,3302.3378934300363,19.287776705099915
convergence,g11-convergence-s1234-tp4-20260901e,G11,1234,1234,177,True,R/R,0.0,0.5,6728.0,0.5,0.0,7.450580596923828e-09,7.450580596923828e-09,0.0,0.3442314565181732,0.0,0.9330366060327009,0.0,0.0,0.0,53824.0,102.38975167274475,9.786652326583862,132.11154556274414,15.169187068939209,5649.990239447905,36.37699654619442
convergence,g11-convergence-s1234-tp4-20260901e,G11,1234,1234,178,True,R/R,-3.725290298461914e-09,0.875,5304.375,0.125,0.0,-1.862645149230957e-08,-1.862645149230957e-08,0.0,0.19511249661445618,0.0,0.8266789749085477,0.0,0.0,0.0,42435.0,90.46649670600891,8.631792783737183,118.9227819442749,15.034082412719727,5048.933217448199,31.765387409945294
convergence,g11-convergence-s1234-tp4-20260901e,G11,1234,1234,179,True,R/R,0.0,0.5,6691.75,0.5,0.0,3.725290298461914e-09,3.725290298461914e-09,0.0,0.2506338059902191,0.0,0.8685627591457393,0.0,0.0,0.0,53534.0,101.97011637687683,9.574954986572266,131.48887252807617,15.159355640411377,5725.256920239932,36.83088951400693
convergence,g11-convergence-s1234-tp4-20260901e,G11,1234,1234,180,True,R/R,3.725290298461914e-09,0.125,7166.5,0.875,0.0,3.725290298461914e-09,3.725290298461914e-09,0.0,0.46545249223709106,0.0,0.9741947308770822,0.0,0.0,0.0,57332.0,106.1377649307251,9.876896858215332,135.97729587554932,15.129446029663086,5953.555426153215,38.59102009054996
convergence,g11-convergence-s1234-tp4-20260901e,G11,1234,1234,181,True,R/R,0.0,0.0,4472.0,0.125,0.0,0.0,0.0,0.0,0.2897905111312866,0.0,0.0,0.0,0.0,0.0,35776.0,83.808758020401,7.258536100387573,110.86910629272461,15.02374005317688,5126.300264012414,31.906928505495177
convergence,g11-convergence-s1234-tp4-20260901e,G11,1234,1234,182,True,R/R,0.0,0.0,7168.0,1.0,0.0,0.0,0.0,0.0,0.3127349019050598,0.0,0.0,0.0,0.0,0.0,57344.0,106.66589951515198,9.83966326713562,136.29004955291748,15.005625009536743,6003.8592701937605,38.939332086272394
convergence,g11-convergence-s1234-tp4-20260901e,G11,1234,1234,183,True,R/R,0.0,0.0,7168.0,1.0,0.0,0.0,0.0,0.0,0.1816769540309906,0.0,0.0,0.0,0.0,0.0,57344.0,106.42355847358704,9.843867778778076,136.07164359092712,15.046072006225586,6011.829283986949,38.99900166284745
convergence,g11-convergence-s1234-tp4-20260901e,G11,1234,1234,184,True,R/R,0.0,0.0,7168.0,1.0,0.0,0.0,0.0,0.0,0.294482946395874,0.0,0.0,0.0,0.0,0.0,57344.0,106.37854290008545,9.802569389343262,136.01149249076843,15.059925079345703,6020.65774822644,39.04362140461684
convergence,g11-convergence-s1234-tp4-20260901e,G11,1234,1234,185,True,R/R,0.0,0.5,6048.25,0.5,0.0,-3.3527612686157227e-08,-3.3527612686157227e-08,0.0,0.28785669803619385,0.0,1.1218478760056991,0.0,0.0,0.0,48386.0,97.13527965545654,9.155336856842041,126.19809818267822,15.133671045303345,5500.632280137702,35.13849363451478
convergence,g11-convergence-s1234-tp4-20260901e,G11,1234,1234,186,True,R/R,0.0,0.0,7168.0,1.0,0.0,0.0,0.0,0.0,0.3374626636505127,0.0,0.0,0.0,0.0,0.0,57344.0,106.31134581565857,9.832192420959473,135.96868252754211,15.056167364120483,5979.871779112788,38.76060959848023
convergence,g11-convergence-s1234-tp4-20260901e,G11,1234,1234,187,True,R/R,0.0,0.0,7168.0,1.0,0.0,0.0,0.0,0.0,0.28030502796173096,0.0,0.0,0.0,0.0,0.0,57344.0,106.72685861587524,9.838476419448853,136.388507604599,15.023741722106934,6021.6286827957365,39.06789834670864
convergence,g11-convergence-s1234-tp4-20260901e,G11,1234,1234,188,True,R/R,0.0,0.0,7168.0,1.0,0.0,0.0,0.0,0.0,0.3280041217803955,0.0,0.0,0.0,0.0,0.0,57344.0,106.19614171981812,9.7950119972229,135.83292412757874,15.054868221282959,5984.43160140316,38.77560539988149
convergence,g11-convergence-s1234-tp4-20260901e,G11,1234,1234,189,True,R/R,-1.4901161193847656e-08,0.625,6372.25,0.25,0.0,2.2351741790771484e-08,2.2351741790771484e-08,0.0,0.38804101943969727,0.0,0.9955949918411783,0.0,0.0,0.0,50978.0,99.34619069099426,9.455724716186523,128.70133709907532,15.108193635940552,5539.566077975089,35.453950205716254
convergence,g11-convergence-s1234-tp4-20260901e,G11,1234,1234,190,True,R/R,0.0,1.0,4307.5,0.0,0.0,0.0,0.0,0.0,0.19965213537216187,0.0,0.0,0.0,0.0,0.0,34460.0,75.20471000671387,7.157049179077148,102.31583499908447,15.012760639190674,5009.179907558157,30.98079175358185
convergence,g11-convergence-s1234-tp4-20260901e,G11,1234,1234,191,True,R/R,-3.725290298461914e-09,0.875,5103.75,0.125,0.0,-1.4901161193847656e-08,-1.4901161193847656e-08,0.0,0.1859758496284485,0.0,0.7104328166733137,0.0,0.0,0.0,40830.0,88.72375750541687,8.517722845077515,117.16335701942444,15.066148281097412,4963.734133055374,31.11465303625673
convergence,g11-convergence-s1234-tp4-20260901e,G11,1234,1234,192,True,R/R,0.0,1.0,5242.625,0.0,0.0,0.0,0.0,0.0,0.23547077178955078,0.0,0.0,0.0,0.0,0.0,41941.0,89.08780813217163,8.884622573852539,117.83596706390381,15.112238883972168,4974.449859034837,31.339109922756247
convergence,g11-convergence-s1234-tp4-20260901e,G11,1234,1234,193,True,R/R,0.0,0.0,7162.375,0.875,0.0,0.0,0.0,0.0,0.4127928614616394,0.0,0.0,0.0,0.0,0.0,57299.0,106.62063717842102,9.84789490699768,136.64904928207397,15.124083757400513,6008.920861914948,38.979739337299534
convergence,g11-convergence-s1234-tp4-20260901e,G11,1234,1234,194,True,R/R,0.0,0.0,7168.0,1.0,0.0,0.0,0.0,0.0,0.3544083535671234,0.0,0.0,0.0,0.0,0.0,57344.0,106.21925687789917,9.862560749053955,136.05077481269836,15.074256896972656,5945.8125152377615,38.52471882205807
convergence,g11-convergence-s1234-tp4-20260901e,G11,1234,1234,195,True,R/R,0.0,0.0,7168.0,1.0,0.0,0.0,0.0,0.0,0.6454512476921082,0.0,0.0,0.0,0.0,0.0,57344.0,106.45256519317627,9.88426661491394,136.2524118423462,15.048710107803345,5986.056152908138,38.83114821512515
convergence,g11-convergence-s1234-tp4-20260901e,G11,1234,1234,196,True,R/R,1.4901161193847656e-08,0.375,7118.375,0.625,0.0,-5.21540641784668e-08,-5.21540641784668e-08,0.0,0.2456616908311844,0.0,0.7628938658255296,0.0,0.0,0.0,56947.0,105.62290453910828,9.922688961029053,135.5261697769165,15.148266077041626,5899.123567265307,38.21644256886224
convergence,g11-convergence-s1234-tp4-20260901e,G11,1234,1234,197,True,R/R,0.0,1.0,4896.875,0.0,0.0,0.0,0.0,0.0,0.23570671677589417,0.0,0.0,0.0,0.0,0.0,39175.0,76.90373492240906,8.311903238296509,105.46857190132141,15.146685361862183,4862.282461280152,30.34066812519422
convergence,g11-convergence-s1234-tp4-20260901e,G11,1234,1234,198,True,R/R,0.0,1.0,3148.75,0.0,0.0,0.0,0.0,0.0,0.3606951832771301,0.0,0.0,0.0,0.0,0.0,25190.0,47.816829442977905,5.446022987365723,73.21564793586731,15.102548837661743,4950.632815625408,29.946802588244978
convergence,g11-convergence-s1234-tp4-20260901e,G11,1234,1234,199,True,R/R,0.0,0.0,7081.125,0.625,0.0,0.0,0.0,0.0,0.35494035482406616,0.0,0.0,0.0,0.0,0.0,56649.0,105.74253225326538,9.820414304733276,135.48555397987366,15.07497525215149,5956.361536554825,38.58503640502098
