step,log_step_index,g11_reward,g10_reward,g11_reference_kl,g10_reference_kl,g11_kl_loss,g10_kl_loss,g11_response_len_mean_tokens,g10_response_len_mean_tokens,g11_response_len_max_tokens,g10_response_len_max_tokens,g11_rollout_time_s,g10_rollout_time_s,g11_tokens_per_gpu_s,g10_tokens_per_gpu_s,g11_longest_sample_tokens_s,g10_longest_sample_tokens_s,g11_ref_log_probs_time_s,g10_ref_log_probs_time_s,g11_actor_train_time_s,g10_actor_train_time_s,g11_actor_train_tokens_s,g10_actor_train_tokens_s,g11_train_time_s,g10_train_time_s,g11_step_time_s,g10_step_time_s,g11_mismatch_count,g10_mismatch_count,g11_max_abs_diff,g10_max_abs_diff,g11_active_tokens_mean,g10_active_tokens_mean,delta_g11_minus_g10_reward,delta_g11_minus_g10_reference_kl,delta_g11_minus_g10_kl_loss,delta_g11_minus_g10_response_len_mean_tokens,delta_g11_minus_g10_response_len_max_tokens,delta_g11_minus_g10_rollout_time_s,delta_g11_minus_g10_tokens_per_gpu_s,delta_g11_minus_g10_longest_sample_tokens_s,delta_g11_minus_g10_ref_log_probs_time_s,delta_g11_minus_g10_actor_train_time_s,delta_g11_minus_g10_actor_train_tokens_s,delta_g11_minus_g10_train_time_s,delta_g11_minus_g10_step_time_s,delta_g11_minus_g10_mismatch_count,delta_g11_minus_g10_max_abs_diff,delta_g11_minus_g10_active_tokens_mean
1,0,0.265625,0.2890625,0.0,0.0,0.0,0.0,6084.4609375,6096.0703125,7168.0,7168.0,75.51525902748108,141.25830817222595,1289.1616377104983,690.4877048440939,94.92121317350528,50.74391795249721,23.863692045211792,26.11477017402649,116.55882525444031,95.08617210388184,6827.205046575271,8384.57351221369,140.66537046432495,121.47803211212158,236.34011459350586,282.79273891448975,0.0,3980.3046875,0.0,0.6022037267684937,6084.4609375,6096.0703125,-0.0234375,0.0,0.0,-11.609375,0.0,-65.74304914474487,598.6739328664045,44.177295221008066,-2.2510781288146973,21.47265315055847,-1557.3684656384194,19.18733835220337,-46.45262432098389,-3980.3046875,-0.6022037267684937,-11.609375
2,1,0.3359375,0.3828125,0.0,0.0,0.000712860724888742,-1.4674065823783167e-05,5784.3828125,5768.6484375,7168.0,7168.0,90.09214925765991,132.13017749786377,1027.2829071411136,698.5412170621828,79.56298144802616,54.249529787514966,22.43020534515381,23.04313087463379,110.54298210144043,88.58934831619263,6855.7676443408045,8531.985101665374,133.20728874206543,111.86720776557922,243.8365352153778,263.9777925014496,0.0,3834.9453125,0.0,0.6568862199783325,5784.3828125,5768.6484375,-0.046875,0.0,0.0007275347907125251,15.734375,0.0,-42.03802824020386,328.7416900789308,25.3134516605112,-0.6129255294799805,21.953633785247803,-1676.2174573245693,21.340080976486206,-20.141257286071777,-3834.9453125,-0.6568862199783325,15.734375
3,2,0.25,0.1875,0.0,0.0,0.0006669942522421479,-5.290961780701764e-06,6381.171875,6406.703125,7168.0,7168.0,73.77074527740479,143.26961016654968,1384.000522376067,715.4849509315773,97.16588836192068,50.03154536169438,23.570497512817383,25.40219259262085,119.60307955741882,96.56643486022949,6978.867125233859,8677.57001915695,143.40848922729492,122.20473909378052,237.49957275390625,285.64910101890564,0.0,4083.8671875,0.0,0.6736352443695068,6381.171875,6406.703125,0.0625,0.0,0.0006722852140228497,-25.53125,0.0,-69.4988648891449,668.5155714444898,47.1343430002263,-1.8316950798034668,23.03664469718933,-1698.7028939230913,21.203750133514404,-48.14952826499939,-4083.8671875,-0.6736352443695068,-25.53125
4,3,0.4609375,0.4140625,0.0,0.0,0.0007254835218191147,-3.674428444355726e-05,5909.3515625,5958.46875,7168.0,7168.0,86.32255506515503,136.65579295158386,1095.3061448266365,697.6323355262126,83.03739381427827,52.45295384250245,21.96596360206604,25.01266384124756,110.86005091667175,92.60140895843506,7024.469081160144,8477.408808675504,133.05785655975342,117.85110354423523,239.7432084083557,274.68990540504456,0.0,3659.40625,0.0,0.6597182750701904,5909.3515625,5958.46875,0.046875,0.0,0.000762227806262672,-49.1171875,0.0,-50.33323788642883,397.67380930042384,30.584439971775822,-3.0467002391815186,18.258641958236694,-1452.9397275153597,15.206753015518188,-34.94669699668884,-3659.40625,-0.6597182750701904,-49.1171875
5,4,0.09375,0.0546875,0.0,0.0,0.0006345350993797183,-9.201021384797059e-06,7063.2265625,7103.40625,7168.0,7168.0,85.00034356117249,160.1422040462494,1329.5431555364073,709.709852420767,84.32907091535908,44.760218224109536,23.69849395751953,25.934202671051025,127.20533752441406,100.66892504692078,7321.05285928952,9301.976747676048,151.13978481292725,126.84098148345947,256.1628189086914,306.910710811615,0.0,4342.1953125,0.0,0.7133777141571045,7063.2265625,7103.40625,0.0390625,0.0,0.0006437361207645154,-40.1796875,0.0,-75.1418604850769,619.8333031156403,39.568852691249546,-2.235708713531494,26.536412477493286,-1980.9238883865282,24.298803329467773,-50.747891902923584,-4342.1953125,-0.7133777141571045,-40.1796875
6,5,0.3046875,0.2890625,0.0,0.0,0.0007149508455768228,2.658294943103101e-05,6473.1875,6526.09375,7168.0,7168.0,76.50349497795105,146.43432807922363,1353.8074310180211,713.0670886372234,93.69506585373489,48.950270705117596,23.34084963798523,26.129151344299316,119.49083304405212,97.23577761650085,7102.737326193963,8798.03731682015,143.06632900238037,123.60168290138245,239.67205619812012,290.24485754966736,0.0,4230.3125,0.0,0.7200061678886414,6473.1875,6526.09375,0.015625,0.0,0.0006883678961457917,-52.90625,0.0,-69.93083310127258,640.7403423807978,44.74479514861729,-2.788301706314087,22.25505542755127,-1695.2999906261866,19.464646100997925,-50.57280135154724,-4230.3125,-0.7200061678886414,-52.90625
7,6,0.140625,0.1640625,0.0,0.0,0.0007667674799449742,3.9696584281045943e-05,7026.0703125,6974.140625,7168.0,7168.0,83.00801396369934,155.66282057762146,1354.2924307183366,716.8458697197856,86.35310806417648,46.04824693142232,23.82844853401184,25.64682126045227,126.35603857040405,100.06018543243408,7236.0055787168085,9071.200458776922,150.42072367668152,125.94506978988647,253.87423276901245,301.56313610076904,0.0,4402.0859375,0.0,0.6990071535110474,7026.0703125,6974.140625,-0.0234375,0.0,0.0007270708956639282,51.9296875,0.0,-72.65480661392212,637.446560998551,40.30486113275416,-1.8183727264404297,26.29585313796997,-1835.194880060114,24.475653886795044,-47.68890333175659,-4402.0859375,-0.6990071535110474,51.9296875
8,7,0.3828125,0.359375,0.0,0.0,0.0007493073353543878,8.727327804081142e-05,6117.75,5945.8671875,7168.0,7168.0,72.90011692047119,137.07149863243103,1342.7138958746038,694.0456327475462,98.32631692236893,52.29387634566984,22.534987926483154,23.299910306930542,114.39365291595459,89.15067601203918,7038.852064559764,8785.115660752077,137.16255593299866,112.6868543624878,230.27771162986755,269.72412848472595,0.0,3762.15625,0.0,0.6611260771751404,6117.75,5945.8671875,0.0234375,0.0,0.0006620340573135763,171.8828125,0.0,-64.17138171195984,648.6682631270577,46.032440576699095,-0.7649223804473877,25.242976903915405,-1746.2635961923133,24.475701570510864,-39.4464168548584,-3762.15625,-0.6611260771751404,171.8828125
9,8,0.2734375,0.28125,0.0,0.0,0.0007488494738936424,0.0001040944189298898,6332.078125,6283.3671875,7168.0,7168.0,76.89779472351074,144.5529181957245,1317.5052726060098,695.4814628085006,93.21463672362576,49.58737664703895,21.97661519050598,23.140987634658813,114.92500829696655,89.53767895698547,7219.542659122872,9196.92144795937,137.13611245155334,112.91694784164429,234.1822793483734,277.462443113327,0.0,4298.3828125,0.0,0.6516216993331909,6332.078125,6283.3671875,-0.0078125,0.0,0.0006447550549637526,48.7109375,0.0,-67.65512347221375,622.0238097975092,43.62726007658681,-1.164372444152832,25.38732933998108,-1977.3787888364986,24.219164609909058,-43.28016376495361,-4298.3828125,-0.6516216993331909,48.7109375
10,9,0.28125,0.359375,0.0,0.0,0.000817956228274852,0.0001463514199713245,6532.109375,6423.078125,7168.0,7168.0,76.76470732688904,144.73364400863647,1361.4817751463122,710.0577803034353,93.37624345360075,49.52545794792726,23.73345708847046,25.465274333953857,121.4333393573761,98.60245275497437,7119.478098643641,8626.4182708892,145.39990258216858,124.30501127243042,242.50367140769958,289.1481671333313,0.0,4113.59375,0.0,0.723059892654419,6532.109375,6423.078125,-0.078125,0.0,0.0006716048083035275,109.03125,0.0,-67.96893668174744,651.4239948428769,43.85078550567349,-1.7318172454833984,22.830886602401733,-1506.9401722455596,21.09489130973816,-46.644495725631714,-4113.59375,-0.723059892654419,109.03125
11,10,0.109375,0.0859375,0.0,0.0,0.0008709862595424056,0.00019862415501847863,6655.75,6646.7734375,7168.0,7168.0,80.98465633392334,152.9777708053589,1314.9651405681398,695.1884214296223,88.51059354310583,46.85648092702434,22.691545009613037,24.325316190719604,120.06068658828735,94.07751250267029,7259.928497568937,9252.827555100293,142.98743748664856,118.64040422439575,243.97635436058044,291.48740696907043,0.0,4758.0078125,0.0,0.6639820337295532,6655.75,6646.7734375,0.0234375,0.0,0.000672362104523927,8.9765625,0.0,-71.99311447143555,619.7767191385175,41.654112616081484,-1.6337711811065674,25.983174085617065,-1992.8990575313564,24.347033262252808,-47.51105260848999,-4758.0078125,-0.6639820337295532,8.9765625
12,11,0.3203125,0.265625,0.0,0.0,0.0009113270207308233,0.00028101992211304605,6431.0,6485.34375,7168.0,7168.0,77.01611065864563,148.24735116958618,1336.0321511957468,699.9484252592035,93.07143581646626,48.35162276727787,22.850786685943604,24.585490942001343,117.0029046535492,95.03204703330994,7188.197613472562,8923.263535539403,140.08953881263733,119.85596489906311,237.24193239212036,287.9791316986084,0.0,4260.8125,0.0,0.6969559192657471,6431.0,6485.34375,0.0546875,0.0,0.0006303070986177772,-54.34375,0.0,-71.23124051094055,636.0837259365433,44.719813049188396,-1.7347042560577393,21.970857620239258,-1735.0659220668413,20.23357391357422,-50.73719930648804,-4260.8125,-0.6969559192657471,-54.34375
13,12,0.1796875,0.171875,0.0,0.0,0.0008430213783867657,0.000376501731807366,6874.0,6848.8203125,7168.0,7168.0,78.62020516395569,152.85804653167725,1398.9279189826307,716.881626361038,91.17249166485577,46.8931807166236,23.75480628013611,25.506823539733887,124.88073682785034,100.39033365249634,7215.716553964468,8943.898952542957,148.8730766773224,126.13527703285217,247.67507147789001,299.42618560791016,0.0,4067.375,0.0,0.7591615319252014,6874.0,6848.8203125,0.0078125,0.0,0.0004665196465793997,25.1796875,0.0,-74.23784136772156,682.0462926215927,44.27931094823217,-1.7520172595977783,24.490403175354004,-1728.1823985784886,22.737799644470215,-51.75111413002014,-4067.375,-0.7591615319252014,25.1796875
14,13,0.3671875,0.359375,0.0,0.0,0.0009466548217460513,0.0006614563753828406,6102.6484375,6076.328125,7168.0,7168.0,74.46841311454773,140.60563206672668,1311.1918317610173,691.4463423048522,96.25557602488645,50.979465720109346,21.460724592208862,22.161086320877075,111.03829741477966,85.14374160766602,7209.215366566403,9362.16784638261,132.73233485221863,107.54205775260925,227.34471225738525,268.3511025905609,0.0,3702.890625,0.0,0.6690464019775391,6102.6484375,6076.328125,0.0078125,0.0,0.0002851984463632107,26.3203125,0.0,-66.13721895217896,619.745489456165,45.276110304777106,-0.7003617286682129,25.894555807113647,-2152.9524798162074,25.190277099609375,-41.00639033317566,-3702.890625,-0.6690464019775391,26.3203125
15,14,0.34375,0.3984375,0.0,0.0,0.0010082339867949486,0.0007493121665902436,6206.6484375,6081.3359375,7168.0,7168.0,74.95943784713745,139.4591670036316,1324.8014906743635,697.7051210801095,95.62505010533148,51.39855739862078,21.61498475074768,22.461721658706665,112.77708411216736,86.40737390518188,7218.514349868439,9235.820554802685,134.62438774108887,109.1053946018219,229.6506006717682,268.7142331600189,0.0,3762.96875,0.0,0.6645004153251648,6206.6484375,6081.3359375,-0.0546875,0.0,0.000258921820204705,125.3125,0.0,-64.49972915649414,627.096369594254,44.2264927067107,-0.8467369079589844,26.369710206985474,-2017.3062049342461,25.518993139266968,-39.06363248825073,-3762.96875,-0.6645004153251648,125.3125
16,15,0.296875,0.2890625,0.0,0.0,0.0009228518465533853,0.0006607099203392863,6420.375,6347.4375,7168.0,7168.0,77.94829845428467,143.80149960517883,1317.8735397315572,706.2443735207229,91.95838962673326,49.84648991617229,22.726919889450073,24.317172527313232,118.04665565490723,93.48403859138489,7106.613866744697,8873.985468535913,141.00832295417786,118.04398322105408,238.980122089386,282.10977149009705,0.0,3754.03125,0.0,0.7192646265029907,6420.375,6347.4375,0.0078125,0.0,0.00026214192621409893,72.9375,0.0,-65.85320115089417,611.6291662108343,42.11189971056098,-1.5902526378631592,24.56261706352234,-1767.3716017912166,22.96433973312378,-43.12964940071106,-3754.03125,-0.7192646265029907,72.9375
17,16,0.53125,0.515625,0.0,0.0,0.001262323698028922,0.001020960509777069,5795.2734375,5672.8984375,7168.0,7168.0,81.23074221611023,132.19050860404968,1141.493632463822,686.6330719089112,88.24245358893685,54.22477056556545,21.335344791412354,21.822431802749634,107.84097266197205,84.70865058898926,7029.341272506081,8764.004559606316,129.40917325019836,106.76566934585571,230.62474513053894,258.8312635421753,0.0,3380.828125,0.0,0.6724258661270142,5795.2734375,5672.8984375,0.015625,0.0,0.000241363188251853,122.375,0.0,-50.95976638793945,454.86056055491076,34.017683023371404,-0.4870870113372803,23.132322072982788,-1734.6632871002348,22.64350390434265,-28.206518411636353,-3380.828125,-0.6724258661270142,122.375
18,17,0.46875,0.4609375,0.0,0.0,0.0010526957921683788,0.0011903722770512104,6193.1171875,6109.7578125,7168.0,7168.0,74.79426908493042,139.42461156845093,1324.8324532389163,701.1396617878066,95.83621964218395,51.4112961790885,22.463701963424683,24.098953247070312,115.52955055236816,93.26494526863098,7052.039898923502,8621.127666821634,138.22729778289795,117.59765338897705,233.0146963596344,277.1389527320862,0.0,3708.015625,0.0,0.7090646028518677,6193.1171875,6109.7578125,0.0078125,0.0,-0.00013767648488283157,83.359375,0.0,-64.63034248352051,623.6927914511097,44.424923463095446,-1.6352512836456299,22.264605283737183,-1569.0877678981324,20.6296443939209,-44.12425637245178,-3708.015625,-0.7090646028518677,83.359375
19,18,0.609375,0.625,0.0,0.0,0.0018642160575836897,0.002102834638208151,5520.859375,5415.515625,7168.0,7168.0,85.51658606529236,127.83942937850952,1032.9428952245207,677.7897118380445,83.81999714683646,56.07033788282051,20.155421018600464,20.309549570083618,102.74633812904358,78.31824111938477,7086.9484329988945,9125.256004033383,123.1337821483612,98.8604326248169,228.63529896736145,246.51128435134888,0.0,3068.5859375,0.0,0.6968894004821777,5520.859375,5415.515625,-0.015625,0.0,-0.00023861858062446117,105.34375,0.0,-42.32284331321716,355.15318338647626,27.749659264015946,-0.1541285514831543,24.428097009658813,-2038.3075710344883,24.27334952354431,-17.875985383987427,-3068.5859375,-0.6968894004821777,105.34375
20,19,0.4765625,0.5390625,0.0,0.0,0.0013392632827162743,0.0015923543833196163,5996.4765625,5819.0390625,7168.0,7168.0,74.75797581672668,135.59859204292297,1283.3898183012755,686.6194080431768,95.88274591025242,52.86190580600579,21.307152032852173,22.376373767852783,109.9072778224945,85.65980100631714,7134.714056574588,8889.175448164371,131.445214509964,108.27153134346008,226.42052960395813,263.8059124946594,0.0,3118.5703125,0.0,0.6564945578575134,5996.4765625,5819.0390625,-0.0625,0.0,-0.00025309110060334206,177.4375,0.0,-60.84061622619629,596.7704102580987,43.02084010424664,-1.0692217350006104,24.247476816177368,-1754.4613915897835,23.173683166503906,-37.385382890701294,-3118.5703125,-0.6564945578575134,177.4375
21,20,0.3828125,0.3984375,0.0,0.0,0.0013123640092089772,0.0019212639890611172,6325.2890625,6290.75,7168.0,7168.0,75.545982837677,144.91725301742554,1339.6427076401246,694.5480810894002,94.88260964718177,49.46270958598757,23.38938808441162,24.94454550743103,118.7495493888855,96.52980518341064,6985.76966623541,8547.991974418754,142.37055039405823,121.71083927154541,237.99326968193054,286.6295602321625,0.0,3842.4140625,0.0,0.7862330675125122,6325.2890625,6290.75,-0.015625,0.0,-0.00060889997985214,34.5390625,0.0,-69.37127017974854,645.0946265507245,45.4199000611942,-1.5551574230194092,22.219744205474854,-1562.2223081833436,20.659711122512817,-48.636290550231934,-3842.4140625,-0.7862330675125122,34.5390625
22,21,0.3984375,0.3671875,0.0,0.0,0.001361468923278153,0.0019440214382484555,6432.859375,6524.671875,7168.0,7168.0,75.47169494628906,147.75604248046875,1363.766244725909,706.534556878102,94.97600398535172,48.51239840798733,23.170296669006348,25.418222665786743,120.21986865997314,97.19155740737915,7022.716040290412,8807.575707548109,143.62660670280457,122.84597945213318,239.3022711277008,290.7105915546417,0.0,3838.296875,0.0,0.7943591475486755,6432.859375,6524.671875,0.03125,0.0,-0.0005825525149703026,-91.8125,0.0,-72.28434753417969,657.231687847807,46.4636055773644,-2.2479259967803955,23.028311252593994,-1784.8596672576969,20.780627250671387,-51.40832042694092,-3838.296875,-0.7943591475486755,-91.8125
23,22,0.296875,0.3515625,0.0,0.0,0.0013427475932985544,0.0030021369457244873,6008.4765625,5907.328125,7168.0,7168.0,72.73514175415039,137.52131366729736,1321.7218346111815,687.2916457783682,98.54933704849735,52.12282960982618,21.72939395904541,22.737223386764526,111.33932709693909,86.70462083816528,7046.10868823517,8898.741411257946,133.30308318138123,109.6762363910675,226.55291390419006,267.34770250320435,0.0,3282.890625,0.0,0.7751240134239197,6008.4765625,5907.328125,-0.0546875,0.0,-0.0016593893524259329,101.1484375,0.0,-64.78617191314697,634.4301888328133,46.42650743867117,-1.0078294277191162,24.634706258773804,-1852.6327230227762,23.62684679031372,-40.79478859901428,-3282.890625,-0.7751240134239197,101.1484375
24,23,0.3828125,0.3828125,0.0,0.0,0.0012435333337634802,0.002531500067561865,6522.0703125,6498.921875,7168.0,7168.0,76.27400612831116,146.69217538833618,1368.1348377644283,708.8500100617357,93.97697018748046,48.86422865448857,23.724435329437256,25.69256353378296,120.92605495452881,98.05967283248901,7047.422495676839,8660.583657572904,144.88602995872498,123.98894739151001,241.63490891456604,290.58310437202454,0.0,3681.8671875,0.0,0.7919431924819946,6522.0703125,6498.921875,0.0,0.0,-0.0012879667337983847,23.1484375,0.0,-70.41816926002502,659.2848277026926,45.11274153299189,-1.9681282043457031,22.866382122039795,-1613.161161896065,20.897082567214966,-48.948195457458496,-3681.8671875,-0.7919431924819946,23.1484375
25,24,0.375,0.3984375,0.0,0.0,0.0013757410924881697,0.004087383393198252,6292.6796875,6213.1484375,7168.0,7168.0,74.27027106285095,142.04829621315002,1355.6282151548562,699.8350395616865,96.51237160470447,50.46171049629547,22.379383325576782,23.928799867630005,115.69404768943787,92.55846953392029,7132.5277011233375,8805.363832224122,138.30823230743408,116.72415471076965,232.9859459400177,278.8049690723419,0.0,3851.890625,0.0,0.7779906988143921,6292.6796875,6213.1484375,-0.0234375,0.0,-0.002711642300710082,79.53125,0.0,-67.77802515029907,655.7931755931697,46.050661108409,-1.5494165420532227,23.135578155517578,-1672.8361311007848,21.58407759666443,-45.81902313232422,-3851.890625,-0.7779906988143921,79.53125
26,25,0.3671875,0.375,0.0,0.0,0.0012049735523760319,0.0039017912931740284,6158.2265625,6037.875,7168.0,7168.0,73.27543640136719,140.2966320514679,1344.6746937171647,688.5838853534277,97.8226859098755,51.09174678812258,21.854750394821167,22.644676208496094,113.22535037994385,87.67426919937134,7151.728807044929,9060.263715385447,135.3156316280365,110.55447459220886,228.84834098815918,270.8762581348419,0.0,3513.6171875,0.0,0.7183178663253784,6158.2265625,6037.875,-0.0078125,0.0,-0.0026968177407979965,120.3515625,0.0,-67.02119565010071,656.090808363737,46.730939121752925,-0.7899258136749268,25.55108118057251,-1908.5349083405172,24.761157035827637,-42.02791714668274,-3513.6171875,-0.7183178663253784,120.3515625
27,26,0.4296875,0.4609375,0.0,0.0,0.001379612716846168,0.005677415058016777,6149.6171875,5916.65625,7168.0,7168.0,73.96776461601257,139.75210690498352,1330.2264237778472,677.3887141777626,96.90707887700947,51.29081885594378,21.577576398849487,21.66386842727661,113.68681287765503,83.60731339454651,7124.546633844441,9331.097583753804,135.49795198440552,105.50913977622986,230.0724902153015,265.20688486099243,0.0,3373.6328125,0.0,0.6944106817245483,6149.6171875,5916.65625,-0.03125,0.0,-0.004297802341170609,232.9609375,0.0,-65.78434228897095,652.8377096000846,45.616260021065685,-0.08629202842712402,30.07949948310852,-2206.550949909363,29.98881220817566,-35.13439464569092,-3373.6328125,-0.6944106817245483,232.9609375
28,27,0.4921875,0.5703125,0.0,0.0,0.0014020290691405535,0.005338232032954693,5968.109375,5848.9765625,7168.0,7168.0,72.61299800872803,134.10947608947754,1315.050371402131,697.8151561606371,98.71510881754823,53.44887034841241,21.81940531730652,21.995765447616577,112.84546041488647,86.14387249946594,6931.231412626842,8902.652942665824,134.89857459068298,108.37852573394775,227.84667372703552,262.49282598495483,0.0,3180.609375,0.0,0.705493688583374,5968.109375,5848.9765625,-0.078125,0.0,-0.003936202963814139,119.1328125,0.0,-61.49647808074951,617.235215241494,45.266238469135814,-0.1763601303100586,26.701587915420532,-1971.4215300389815,26.52004885673523,-34.64615225791931,-3180.609375,-0.705493688583374,119.1328125
29,28,0.5625,0.578125,0.0,0.0,0.001420644111931324,0.0058601126074790955,6103.46875,5906.640625,7168.0,7168.0,82.25525307655334,134.27402257919312,1187.2250871213532,703.8312265074312,87.14337056782117,53.38337127550047,22.46091628074646,23.372512102127075,115.8578588962555,90.14373540878296,6905.530687533341,8595.894062811409,138.5509488582611,113.75086736679077,241.18285012245178,269.253133058548,0.0,2798.0,0.0,0.7543010115623474,6103.46875,5906.640625,-0.015625,0.0,-0.0044394684955477715,196.828125,0.0,-52.01876950263977,483.393860613922,33.75999929232069,-0.9115958213806152,25.714123487472534,-1690.363375278068,24.800081491470337,-28.07028293609619,-2798.0,-0.7543010115623474,196.828125
30,29,0.4609375,0.4296875,0.0,0.0,0.0012942436151206493,0.0060240658931434155,5833.8984375,5835.3125,7168.0,7168.0,71.58825373649597,136.3617250919342,1303.878361715278,684.6862632241849,100.12815826440149,52.566070098976674,20.479743480682373,21.10917019844055,108.07364535331726,81.95430207252502,7104.96067278655,9371.564159259475,128.78803515434265,103.29877591133118,220.63688564300537,259.6613461971283,0.0,2941.5859375,0.0,0.6769297122955322,5833.8984375,5835.3125,0.03125,0.0,-0.004729822278022766,-1.4140625,0.0,-64.77347135543823,619.1920984910931,47.56208816542482,-0.6294267177581787,26.119343280792236,-2266.6034864729245,25.489259243011475,-39.024460554122925,-2941.5859375,-0.6769297122955322,-1.4140625
31,30,0.4296875,0.4609375,0.0,0.0,0.0015144185163080692,0.007590139284729958,6192.765625,5992.4921875,7168.0,7168.0,73.51472210884094,138.68396258354187,1347.8150655769675,691.3551734018481,97.50427933860027,51.68586090610201,21.96708917617798,22.470194816589355,115.4867513179779,86.29063510894775,7037.776980687096,9121.905279827746,137.6874976158142,108.99810481071472,231.50495052337646,268.047385931015,0.0,3189.59375,0.0,0.8203096389770508,6192.765625,5992.4921875,-0.03125,0.0,-0.006075720768421888,200.2734375,0.0,-65.16924047470093,656.4598921751194,45.81841843249826,-0.503105640411377,29.19611620903015,-2084.1282991406506,28.689392805099487,-36.54243540763855,-3189.59375,-0.8203096389770508,200.2734375
32,31,0.546875,0.578125,0.0,0.0,0.0013798079453408718,0.00758768804371357,6106.484375,5949.453125,7168.0,7168.0,79.49454712867737,135.5788402557373,1229.062288283088,702.1099296943704,90.16970671456495,52.86960698645356,22.875407457351685,23.53608012199402,115.6891496181488,91.52526307106018,6962.364255062701,8580.90950681277,138.798828125,115.30067896842957,238.53971219062805,271.3368785381317,0.0,2856.0859375,0.0,0.7732164859771729,6106.484375,5949.453125,-0.03125,0.0,-0.006207880098372698,157.03125,0.0,-56.08429312705994,526.9523585887176,37.30009972811139,-0.660672664642334,24.163886547088623,-1618.545251750069,23.498149156570435,-32.79716634750366,-2856.0859375,-0.7732164859771729,157.03125
33,32,0.203125,0.2890625,0.0,0.0,0.0010425497312098742,0.0075919367372989655,6974.8046875,6789.9921875,7168.0,7168.0,82.07424473762512,151.43631505966187,1359.706389705477,717.3964511563742,87.33555846800243,47.333428558242446,23.698503732681274,25.939606189727783,125.64225888252258,100.14602279663086,7248.444974644467,8857.615861604067,149.57572197914124,126.32321190834045,251.76937675476074,297.9715495109558,0.0,3638.0390625,0.0,0.8618718385696411,6974.8046875,6789.9921875,-0.0859375,0.0,-0.006549387006089091,184.8125,0.0,-69.36207032203674,642.3099385491029,40.00212990975999,-2.241102457046509,25.496236085891724,-1609.1708869595996,23.25251007080078,-46.20217275619507,-3638.0390625,-0.8618718385696411,184.8125
34,33,0.625,0.7109375,0.0,0.0,0.0016999590443447232,0.009697234258055687,5673.8671875,5412.578125,7168.0,7168.0,87.90410661697388,125.92486023902893,1032.737587511872,687.7216288794336,81.54340309984894,56.922834668180656,21.147135496139526,21.240893125534058,106.12948369979858,82.56478905677795,7006.5261233472975,8601.172583528834,127.51026320457458,104.03811550140381,235.54982805252075,250.2824251651764,0.0,2697.34375,0.0,0.7204962968826294,5673.8671875,5412.578125,-0.0859375,0.0,-0.007997275213710964,261.2890625,0.0,-38.020753622055054,345.01595863243847,24.62056843166829,-0.09375762939453125,23.56469464302063,-1594.646460181537,23.472147703170776,-14.73259711265564,-2697.34375,-0.7204962968826294,261.2890625
35,34,0.4765625,0.578125,0.0,0.0,0.0014655782142654061,0.012641005218029022,6279.03125,6044.609375,7168.0,7168.0,74.02645182609558,136.5413224697113,1357.143257872378,708.3112148811495,96.83025220281,52.4969281851658,23.23618507385254,25.98934054374695,118.91491317749023,96.7929196357727,6934.874507868727,8209.836039559985,142.38428735733032,123.01590299606323,236.66528248786926,279.69403314590454,0.0,3308.703125,0.0,0.8351297378540039,6279.03125,6044.609375,-0.1015625,0.0,-0.011175427003763616,234.421875,0.0,-62.51487064361572,648.8320429912285,44.3333240176442,-2.753155469894409,22.12199354171753,-1274.9615316912577,19.36838436126709,-43.02875065803528,-3308.703125,-0.8351297378540039,234.421875
36,35,0.3125,0.421875,0.0,0.0,0.0018182576168328524,0.012619839049875736,5783.6171875,5619.8984375,7168.0,7168.0,73.97461414337158,133.1270182132721,1250.9409622691728,675.4329527305193,96.89810596521079,53.843315175261594,20.23202157020569,21.195914268493652,106.95720911026001,81.77313208580017,7067.639538170092,8988.02554399929,127.4229257106781,103.2038881778717,221.97860145568848,256.49823212623596,0.0,2713.0703125,0.0,0.7314876317977905,5783.6171875,5619.8984375,-0.109375,0.0,-0.010801581433042884,163.71875,0.0,-59.15240406990051,575.5080095386535,43.054790789949195,-0.9638926982879639,25.18407702445984,-1920.3860058291984,24.219037532806396,-34.519630670547485,-2713.0703125,-0.7314876317977905,163.71875
37,36,0.171875,0.2421875,0.0,0.0,0.0011753416620194912,0.01196231134235859,6926.6484375,6835.3359375,7168.0,7168.0,82.41997861862183,153.31985354423523,1344.654255648643,713.315154377227,86.96920479885291,46.75193612764519,23.702624797821045,25.03836441040039,127.30228090286255,97.23776769638062,7133.281458585246,9218.588838844411,151.24044394493103,122.51350331306458,253.81723022460938,296.27348470687866,0.0,3305.4453125,0.0,0.8874380588531494,6926.6484375,6835.3359375,-0.0703125,0.0,-0.010786969680339098,91.3125,0.0,-70.8998749256134,631.3391012714159,40.21726867120773,-1.3357396125793457,30.064513206481934,-2085.3073802591653,28.726940631866455,-42.45625448226929,-3305.4453125,-0.8874380588531494,91.3125
38,37,0.46875,0.484375,0.0,0.0,0.002175199566408992,0.01271863840520382,5531.984375,5449.703125,7168.0,7168.0,69.15472793579102,128.8740575313568,1279.9088745194927,676.5927268083742,103.65162605592731,55.620193367900505,19.953352212905884,20.447848081588745,104.11892080307007,78.47632503509521,6977.847968422062,9123.694307548194,124.30545496940613,99.15881633758545,213.8094642162323,248.16125392913818,0.0,2957.1171875,0.0,0.7147747278213501,5531.984375,5449.703125,-0.015625,0.0,-0.010543438838794827,82.28125,0.0,-59.719329595565796,603.3161477111184,48.031432688026804,-0.49449586868286133,25.642595767974854,-2145.846339126132,25.14663863182068,-34.351789712905884,-2957.1171875,-0.7147747278213501,82.28125
39,38,0.453125,0.5,0.0,0.0,0.0017289501847699285,0.01888348162174225,6202.2109375,5894.1796875,7168.0,7168.0,73.09492945671082,134.7831907272339,1357.6232405938692,699.6931478707354,98.06425771633205,53.181705829372795,22.60435700416565,22.171786308288574,117.55799674987793,85.68691802024841,6916.16923117435,9028.484369308131,140.39578580856323,108.09402465820312,233.8988699913025,263.09600353240967,0.0,3268.4140625,0.0,0.8372789025306702,6202.2109375,5894.1796875,-0.046875,0.0,-0.01715453143697232,308.03125,0.0,-61.68826127052307,657.9300927231338,44.882551886959256,0.4325706958770752,31.871078729629517,-2112.315138133781,32.30176115036011,-29.197133541107178,-3268.4140625,-0.8372789025306702,308.03125
40,39,0.5859375,0.5859375,0.0,0.0,0.0016666848678141832,0.014175266027450562,5938.1328125,5836.0625,7168.0,7168.0,83.75661611557007,133.63771677017212,1134.359641140492,698.7323807738214,85.58129891624756,53.637552131539366,22.007693767547607,22.83385181427002,113.20562243461609,89.55574488639832,6901.998179916193,8578.790796442652,135.44507384300232,112.62217974662781,239.488130569458,266.14931321144104,0.0,2796.7109375,0.0,0.8285865783691406,5938.1328125,5836.0625,0.0,0.0,-0.012508581159636378,102.0703125,0.0,-49.88110065460205,435.6272603666705,31.943746784708196,-0.8261580467224121,23.649877548217773,-1676.792616526459,22.82289409637451,-26.661182641983032,-2796.7109375,-0.8285865783691406,102.0703125
41,40,0.3671875,0.390625,0.0,0.0,0.0017815136816352606,0.019767679274082184,5913.265625,5856.171875,7168.0,7168.0,72.71093106269836,137.42293167114258,1301.2108168222494,681.8276168363521,98.58215120115929,52.16014469225013,20.80664873123169,22.04793667793274,109.64676928520203,84.82650899887085,7046.938136318444,9022.721894758017,130.6865372657776,107.10970950126648,223.39451718330383,264.52131605148315,0.0,3273.109375,0.0,0.7956519722938538,5913.265625,5856.171875,-0.0234375,0.0,-0.017986165592446923,57.09375,0.0,-64.71200060844421,619.3831999858972,46.42200650890916,-1.2412879467010498,24.820260286331177,-1975.783758439573,23.57682776451111,-41.12679886817932,-3273.109375,-0.7956519722938538,57.09375
42,41,0.3125,0.453125,0.0,0.0,0.0013291820650920272,0.015728659927845,6742.4921875,6376.296875,7168.0,7168.0,78.49755501747131,142.9364354610443,1374.3087281634316,713.7490848357177,91.31494603118031,50.14816534971978,23.46744441986084,24.952731132507324,124.62277817726135,96.82289910316467,7077.349846473968,8625.294302643988,148.32533049583435,122.01162934303284,247.14692068099976,285.08054757118225,0.0,3059.09375,0.0,0.8898141384124756,6742.4921875,6376.296875,-0.140625,0.0,-0.014399477862752974,366.1953125,0.0,-64.438880443573,660.559643327714,41.16678068146053,-1.4852867126464844,27.79987907409668,-1547.9444561700202,26.313701152801514,-37.933626890182495,-3059.09375,-0.8898141384124756,366.1953125
43,42,0.6875,0.6875,0.0,0.0,0.002072055358439684,0.019971981644630432,5444.2578125,5253.6875,7168.0,7168.0,86.82285451889038,123.83264064788818,1003.2856611624944,678.8113340731987,82.55890732595564,57.88457681672027,20.29501748085022,21.31100082397461,102.38407468795776,79.7760705947876,6960.77981045448,8627.649806118312,122.91022229194641,101.32143092155457,229.93872928619385,245.1762089729309,0.0,2529.8359375,0.0,0.8514864444732666,5444.2578125,5253.6875,0.0,0.0,-0.017899926286190748,190.5703125,0.0,-37.0097861289978,324.4743270892957,24.674330509235375,-1.0159833431243896,22.608004093170166,-1666.869995663832,21.588791370391846,-15.23747968673706,-2529.8359375,-0.8514864444732666,190.5703125
44,43,0.0625,0.1484375,0.0,0.0,0.0013166103744879365,0.01697881892323494,7129.2421875,7017.0078125,7168.0,7168.0,85.38206958770752,155.52499222755432,1335.9699003644482,721.8912111291447,83.95205263368292,46.089055510205306,23.716686010360718,25.551151752471924,128.76038551330566,100.15981340408325,7248.308525012582,9174.627715136476,152.71362829208374,125.94951915740967,258.1519515514374,301.4726793766022,0.0,3311.140625,0.0,0.9239728450775146,7129.2421875,7017.0078125,-0.0859375,0.0,-0.015662208548747003,112.234375,0.0,-70.1429226398468,614.0786892353035,37.86299712347762,-1.834465742111206,28.600572109222412,-1926.3191901238933,26.764109134674072,-43.320727825164795,-3311.140625,-0.9239728450775146,112.234375
45,44,0.5625,0.609375,0.0,0.0,0.0019004116766154766,0.023962941020727158,6160.640625,5761.9296875,7168.0,7168.0,86.04612708091736,132.76705408096313,1145.5512681855514,694.3806627190867,83.30415607502297,53.98929764329076,23.286268949508667,23.658780574798584,118.85289597511292,91.48754858970642,6773.028064613259,8241.110529491556,142.37439393997192,115.38058137893677,248.44135975837708,268.24540400505066,0.0,2790.125,0.0,0.893954873085022,6160.640625,5761.9296875,-0.046875,0.0,-0.02206252934411168,398.7109375,0.0,-46.720927000045776,451.17060546646474,29.314858431732212,-0.372511625289917,27.365347385406494,-1468.0824648782973,26.993812561035156,-19.804044246673584,-2790.125,-0.893954873085022,398.7109375
46,45,0.390625,0.4375,0.0,0.0,0.0017820914508774877,0.025402288883924484,5934.2421875,5707.0625,7168.0,7168.0,71.88719034194946,134.75031995773315,1320.7899007925696,677.6458863225108,99.7117840592129,53.19467888646477,21.085479021072388,21.955585956573486,110.70132517814636,83.42964720726013,7022.562726769133,8969.569272431008,132.02196741104126,105.61977291107178,224.22100377082825,260.3512599468231,0.0,2663.2890625,0.0,0.8057901859283447,5934.2421875,5707.0625,-0.046875,0.0,-0.023620197433046997,227.1796875,0.0,-62.86312961578369,643.1440144700588,46.51710517274813,-0.8701069355010986,27.27167797088623,-1947.006545661875,26.402194499969482,-36.13025617599487,-2663.2890625,-0.8057901859283447,227.1796875
47,46,0.3828125,0.5,0.0,0.0,0.001665993593633175,0.022048229351639748,6776.2890625,6448.484375,7168.0,7168.0,76.8701012134552,143.9238224029541,1410.439472415086,716.8775000370076,93.24821857715112,49.804124712107935,23.662214994430542,25.81503200531006,124.54255270957947,99.57074761390686,7121.268841085686,8485.845695126513,148.4392740726471,125.62244772911072,245.77935934066772,289.44649171829224,0.0,3009.8046875,0.0,0.9592458009719849,6776.2890625,6448.484375,-0.1171875,0.0,-0.020382235758006573,327.8046875,0.0,-67.0537211894989,693.5619723780783,43.444093865043186,-2.1528170108795166,24.971805095672607,-1364.5768540408262,22.816826343536377,-43.66713237762451,-3009.8046875,-0.9592458009719849,327.8046875
48,47,0.4921875,0.65625,0.0,0.0,0.0019905450753867626,0.022940408438444138,6449.734375,5982.546875,7168.0,7168.0,77.81224775314331,134.67485189437866,1326.2147409927675,710.7544478687887,92.11917412719183,53.22448771372432,23.698041915893555,25.712996244430542,120.69192409515381,97.7624409198761,6999.755835642711,8029.811782659763,144.62469601631165,123.7444977760315,242.6808226108551,278.3009946346283,0.0,2787.5390625,0.0,0.9266676902770996,6449.734375,5982.546875,-0.1640625,0.0,-0.020949863363057375,467.1875,0.0,-56.86260414123535,615.4602931239788,38.894686413467504,-2.0149543285369873,22.92948317527771,-1030.055947017052,20.88019824028015,-35.62017202377319,-2787.5390625,-0.9266676902770996,467.1875
49,48,0.1640625,0.2421875,0.0,0.0,0.0013237509410828352,0.026233401149511337,7037.3203125,6847.8671875,7168.0,7168.0,83.26385235786438,153.58689165115356,1352.2930036441564,713.3803791593114,86.08777755312414,46.670649577835654,23.704346656799316,26.038492679595947,126.54122805595398,100.12424302101135,7277.256702399068,8955.103908369536,150.4801230430603,126.4011070728302,253.89857172966003,299.85666251182556,0.0,3407.5,0.0,0.9539734125137329,7037.3203125,6847.8671875,-0.078125,0.0,-0.024909650208428502,189.453125,0.0,-70.32303929328918,638.9126244848451,39.41712797528849,-2.334146022796631,26.416985034942627,-1677.8472059704682,24.079015970230103,-45.95809078216553,-3407.5,-0.9539734125137329,189.453125
50,49,0.2578125,0.3359375,0.0,0.0,0.0016027060337364674,0.025359654799103737,6422.0390625,6334.546875,7168.0,7168.0,78.13214111328125,145.48700881004333,1315.1133904166572,696.6446752117387,91.74201420651393,49.269003869334995,22.073874473571777,23.30060648918152,116.4170401096344,89.46053218841553,7225.3769655013575,9277.364885914163,138.72740030288696,112.9991807937622,237.03785157203674,278.4230058193207,0.0,2836.515625,0.0,0.8862186670303345,6422.0390625,6334.546875,-0.078125,0.0,-0.02375694876536727,87.4921875,0.0,-67.35486769676208,618.4687152049186,42.473010337178934,-1.2267320156097412,26.956507921218872,-2051.9879204128056,25.728219509124756,-41.385154247283936,-2836.515625,-0.8862186670303345,87.4921875
51,50,0.3671875,0.359375,0.0,0.0,0.0024111364036798477,0.02409507893025875,5584.3359375,5458.3671875,7168.0,7168.0,84.73390865325928,131.69740104675293,1054.4701220573659,663.140459157552,84.59423286292936,54.42780148300224,20.38700222969055,20.197001695632935,104.0275366306305,78.19530892372131,7046.701515223192,9168.414446694682,124.64582300186157,98.62713289260864,229.92590856552124,250.558922290802,0.0,2279.21875,0.0,0.8059177398681641,5584.3359375,5458.3671875,0.0078125,0.0,-0.021683942526578903,125.96875,0.0,-46.96349239349365,391.3296628998139,30.16643137992712,0.1900005340576172,25.83222770690918,-2121.7129314714903,26.01869010925293,-20.63301372528076,-2279.21875,-0.8059177398681641,125.96875
52,51,0.3671875,0.3671875,0.0,0.0,0.001672852784395218,0.030810344964265823,6287.40625,6230.5390625,7168.0,7168.0,74.65390872955322,142.26130294799805,1347.5315855789356,700.7430898931103,96.01640586519491,50.386154572337766,22.261980295181274,22.8878173828125,115.54599738121033,89.7183358669281,7149.118262181617,9126.038641804718,138.04305386543274,112.84406399726868,232.80843806266785,275.08760690689087,0.0,2927.390625,0.0,0.951687753200531,6287.40625,6230.5390625,0.0,0.0,-0.029137492179870605,56.8671875,0.0,-67.60739421844482,646.7884956858253,45.630251292857146,-0.6258370876312256,25.827661514282227,-1976.9203796231013,25.198989868164062,-42.27916884422302,-2927.390625,-0.951687753200531,56.8671875
53,52,0.3984375,0.3984375,0.0,0.0,0.0016998036298900843,0.029189204797148705,6302.234375,6137.21875,7168.0,7168.0,74.65992617607117,141.21662139892578,1350.6007193497373,695.3536986457527,96.00866712747133,50.75889742292423,23.05222773551941,24.09495735168457,118.08777475357056,92.23829197883606,6973.778629655309,8699.16368555598,141.37536883354187,116.57039046287537,236.27747344970703,277.8569760322571,0.0,2779.3671875,0.0,0.9398800134658813,6302.234375,6137.21875,0.0,0.0,-0.02748940116725862,165.015625,0.0,-66.55669522285461,655.2470207039846,45.2497697045471,-1.0427296161651611,25.849482774734497,-1725.3850559006705,24.804978370666504,-41.57950258255005,-2779.3671875,-0.9398800134658813,165.015625
54,53,0.15625,0.1640625,0.0,0.0,0.0016851560212671757,0.031399063766002655,6663.546875,6661.0390625,7168.0,7168.0,80.51664781570435,151.9789125919342,1324.1578343405022,701.2592943480254,89.02506741719965,47.16443799835701,22.761798858642578,24.56570315361023,120.4573323726654,94.0684142112732,7223.586832456318,9246.600012268105,143.45497250556946,118.87002515792847,244.6762819290161,290.96141839027405,0.0,2961.1640625,0.0,0.920147180557251,6663.546875,6661.0390625,-0.0078125,0.0,-0.02971390774473548,2.5078125,0.0,-71.46226477622986,622.8985399924768,41.86062941884264,-1.8039042949676514,26.388918161392212,-2023.0131798117873,24.58494734764099,-46.285136461257935,-2961.1640625,-0.920147180557251,2.5078125
55,54,0.2109375,0.2578125,0.0,0.0,0.0014902394032105803,0.030728641897439957,6961.5859375,6845.515625,7168.0,7168.0,81.37171149253845,154.87792038917542,1368.846408130591,707.1908618399492,88.0895813609289,46.28161316983295,23.702333450317383,26.149888277053833,126.24105715751648,100.23993515968323,7193.689758688216,8911.438326221907,150.17978525161743,126.6276547908783,251.88689637184143,301.4969186782837,0.0,2929.859375,0.0,1.0271353721618652,6961.5859375,6845.515625,-0.046875,0.0,-0.029238402494229376,116.0703125,0.0,-73.50620889663696,661.6555462906418,41.80796819109595,-2.44755482673645,26.001121997833252,-1717.7485675336911,23.552130460739136,-49.61002230644226,-2929.859375,-1.0271353721618652,116.0703125
56,55,0.4375,0.4765625,0.0,0.0,0.0022621690295636654,0.030439790338277817,5428.53125,5337.828125,7168.0,7168.0,94.60689282417297,129.42915320396423,918.0779265356797,659.8609964279991,75.76614965382846,55.38164951681422,19.328219413757324,19.938042879104614,99.84437704086304,75.4192545413971,7137.387413497955,9294.947348163143,119.40588903427124,95.59052181243896,234.1366264820099,245.06268954277039,0.0,2288.5,0.0,0.8165364265441895,5428.53125,5337.828125,-0.0390625,0.0,-0.02817762130871415,90.703125,0.0,-34.82226037979126,258.2169301076806,20.384500137014243,-0.60982346534729,24.425122499465942,-2157.559934665188,23.815367221832275,-10.926063060760498,-2288.5,-0.8165364265441895,90.703125
57,56,0.4296875,0.5390625,0.0,0.0,0.0024752996396273375,0.03197157382965088,5717.109375,5367.6640625,7168.0,7168.0,73.06116223335266,127.88423132896423,1252.0160808260716,671.5654002648614,98.10958080718547,56.050694643980975,20.794092416763306,21.261232137680054,106.96289706230164,81.64930891990662,7009.365121845055,8634.647486013362,127.98913264274597,103.1429672241211,221.65795922279358,251.43477034568787,0.0,2414.03125,0.0,0.8752177953720093,5717.109375,5367.6640625,-0.109375,0.0,-0.02949627419002354,349.4453125,0.0,-54.82306909561157,580.4506805612102,42.05888616320449,-0.46713972091674805,25.31358814239502,-1625.2823641683071,24.846165418624878,-29.776811122894287,-2414.03125,-0.8752177953720093,349.4453125
58,57,0.5078125,0.484375,0.0,0.0,0.002101929159834981,0.03409340977668762,5897.59375,5882.8671875,7168.0,7168.0,81.07691764831543,137.01941299438477,1163.8515959537172,686.9528407909426,88.40987309227009,52.31375498808883,21.174758195877075,22.925553560256958,109.34984493255615,87.69443130493164,7049.191523549252,8768.435903600612,130.75818061828613,110.85466742515564,231.99302554130554,267.9116585254669,0.0,2392.7421875,0.0,0.941716194152832,5897.59375,5882.8671875,0.0234375,0.0,-0.03199148061685264,14.7265625,0.0,-55.942495346069336,476.8987551627746,36.09611810418126,-1.7507953643798828,21.65541362762451,-1719.2443800513593,19.903513193130493,-35.91863298416138,-2392.7421875,-0.941716194152832,14.7265625
59,58,0.3984375,0.421875,0.0,0.0,0.0017224873881787062,0.029396476224064827,6194.2890625,6059.34375,7168.0,7168.0,74.14904189109802,138.98903393745422,1336.6136968507276,697.5334474490107,96.67016345979995,51.57241400228479,21.696770668029785,22.51665186882019,113.35883283615112,89.25593090057373,7164.267483009967,8905.402610000572,135.2908034324646,112.00896739959717,229.59352922439575,270.9420094490051,0.0,2435.140625,0.0,0.9517225027084351,6194.2890625,6059.34375,-0.0234375,0.0,-0.02767398883588612,134.9453125,0.0,-64.8399920463562,639.0802494017169,45.097749457515164,-0.8198812007904053,24.102901935577393,-1741.1351269906054,23.28183603286743,-41.348480224609375,-2435.140625,-0.9517225027084351,134.9453125
60,59,0.7421875,0.7890625,0.0,0.0,0.002289219293743372,0.03898944705724716,5359.7890625,4910.640625,7168.0,7168.0,91.3830828666687,118.70761251449585,938.4299840827441,661.8804669364021,78.43902585841164,60.38365904397823,21.099823713302612,19.33893871307373,104.46255993843079,73.83624744415283,6767.180513445678,8795.49032460247,125.79222059249878,93.40821814537048,237.32350873947144,232.16530394554138,0.0,2186.3046875,0.0,0.815165638923645,5359.7890625,4910.640625,-0.046875,0.0,-0.03670022776350379,449.1484375,0.0,-27.32452964782715,276.54951714634205,18.055366814433413,1.7608850002288818,30.626312494277954,-2028.3098111567915,32.384002447128296,5.158204793930054,-2186.3046875,-0.815165638923645,449.1484375
61,60,0.2890625,0.3359375,0.0,0.0,0.002105850726366043,0.033121757209300995,5863.6953125,5641.9375,7168.0,7168.0,72.88557028770447,133.924498796463,1287.2112357722328,674.043963660397,98.345941064952,53.522694237548336,20.50202441215515,20.85079574584961,107.43855237960815,80.18392539024353,7168.311401654506,9250.831714585222,128.17388558387756,101.26953625679016,221.50826287269592,255.11287760734558,0.0,2388.6640625,0.0,0.8576261401176453,5863.6953125,5641.9375,-0.046875,0.0,-0.031015906482934952,221.7578125,0.0,-61.038928508758545,613.1672721118358,44.823246827403665,-0.348771333694458,27.254626989364624,-2082.5203129307156,26.904349327087402,-33.60461473464966,-2388.6640625,-0.8576261401176453,221.7578125
62,61,0.6015625,0.625,0.0,0.0,0.0030279222410172224,0.04049159586429596,5630.1953125,5217.59375,7168.0,7168.0,89.06223249435425,125.39767003059387,1011.4626871239778,665.7340601275336,80.48304875418867,57.16214661924092,20.102020740509033,20.05941653251648,103.79407286643982,79.27688002586365,7128.663319263958,8667.091840342826,124.13001656532288,99.56886196136475,233.29967713356018,245.48942184448242,0.0,2292.6015625,0.0,0.8180185556411743,5630.1953125,5217.59375,-0.0234375,0.0,-0.03746367362327874,412.6015625,0.0,-36.335437536239624,345.7286269964443,23.32090213494775,0.04260420799255371,24.517192840576172,-1538.4285210788676,24.56115460395813,-12.189744710922241,-2292.6015625,-0.8180185556411743,412.6015625
63,62,0.2890625,0.375,0.0,0.0,0.0024309256114065647,0.03630291670560837,6128.2109375,5973.1875,7168.0,7168.0,75.67534637451172,138.77247190475464,1295.6845220734235,688.6884602415555,94.72041217394758,51.65289557513754,21.133028745651245,22.42874264717102,111.74169826507568,86.10330939292908,7187.674900865764,9097.443588670325,133.10800957679749,108.76719951629639,228.95385575294495,267.8028745651245,0.0,2594.703125,0.0,0.9090120792388916,6128.2109375,5973.1875,-0.0859375,0.0,-0.0338719910942018,155.0234375,0.0,-63.09712553024292,606.996061831868,43.06751659881004,-1.2957139015197754,25.638388872146606,-1909.7686878045606,24.3408100605011,-38.849018812179565,-2594.703125,-0.9090120792388916,155.0234375
64,63,0.46875,0.5625,0.0,0.0,0.0024836231023073196,0.04656257480382919,5913.1640625,5597.859375,7168.0,7168.0,73.71829628944397,130.65686964988708,1283.4076445354272,685.5035654841851,97.23501980913815,54.86125619883313,21.6168372631073,21.9595685005188,111.19676518440247,84.01827645301819,6997.658598337951,8780.922808057645,133.04352688789368,106.21284174919128,227.0935251712799,256.869131565094,0.0,2558.8046875,0.0,0.9484083652496338,5913.1640625,5597.859375,-0.09375,0.0,-0.044078951701521873,315.3046875,0.0,-56.938573360443115,597.9040790512421,42.37376361030502,-0.342731237411499,27.178488731384277,-1783.264209719694,26.830685138702393,-29.775606393814087,-2558.8046875,-0.9484083652496338,315.3046875
65,64,0.5078125,0.53125,0.0,0.0,0.0025276949163526297,0.04560329392552376,6139.71875,5724.7265625,7168.0,7168.0,75.04967474937439,133.44054698944092,1308.9397166350661,686.4152393443644,95.51007414672043,53.71680618610774,21.864505529403687,21.34281849861145,112.92568445205688,82.85911011695862,7116.8574616096685,9058.23148402827,135.02137088775635,104.43701481819153,230.42391681671143,257.9188423156738,0.0,2644.4140625,0.0,0.9482257962226868,6139.71875,5724.7265625,-0.0234375,0.0,-0.04307559900917113,414.9921875,0.0,-58.39087224006653,622.5244772907017,41.79326796061269,0.5216870307922363,30.066574335098267,-1941.3740224186022,30.58435606956482,-27.494925498962402,-2644.4140625,-0.9482257962226868,414.9921875
66,65,0.453125,0.4765625,0.0,0.0,0.0027204290963709354,0.04304514080286026,5797.8203125,5534.0078125,7168.0,7168.0,71.85756778717041,132.04652333259583,1290.9583201417856,670.5524898749287,99.75288923263263,54.28389797090986,21.000763654708862,20.559786319732666,107.75184082984924,79.82262110710144,7075.749185612003,9128.452434834602,128.98508214950562,100.61790728569031,220.89747166633606,252.5872642993927,0.0,2401.3671875,0.0,0.9617340564727783,5797.8203125,5534.0078125,-0.0234375,0.0,-0.040324711706489325,263.8125,0.0,-60.188955545425415,620.4058302668569,45.46899126172276,0.4409773349761963,27.929219722747803,-2052.703249222599,28.367174863815308,-31.68979263305664,-2401.3671875,-0.9617340564727783,263.8125
67,66,0.421875,0.5390625,0.0,0.0,0.0022645341232419014,0.03353730961680412,6413.3984375,5907.9296875,7168.0,7168.0,73.8682177066803,135.32429003715515,1389.1546078377905,698.5211226605833,97.03767361036192,52.969056760112515,23.630884408950806,24.079463005065918,120.8043920993805,93.2121250629425,6960.831352126909,8327.232100715042,144.66837000846863,117.52693486213684,238.71158623695374,273.4303925037384,0.0,2251.40625,0.0,0.9707183837890625,6413.3984375,5907.9296875,-0.1171875,0.0,-0.03127277549356222,505.46875,0.0,-61.45607233047485,690.6334851772073,44.068616850249406,-0.4485785961151123,27.59226703643799,-1366.400748588133,27.141435146331787,-34.71880626678467,-2251.40625,-0.9707183837890625,505.46875
68,67,0.609375,0.59375,0.0,0.0,0.0035136621445417404,0.040111981332302094,5106.8203125,4940.8828125,7168.0,7168.0,86.67696022987366,121.00642013549805,942.6856316061547,653.3052123307046,82.69787012592433,59.23652639234816,18.352999210357666,17.759806394577026,94.8217842578888,67.80481433868408,7056.026262702776,9554.262574396611,113.4082658290863,85.79796147346497,220.0423128604889,226.8457760810852,0.0,1864.5625,0.0,0.7557700872421265,5106.8203125,4940.8828125,0.015625,0.0,-0.03659831918776035,165.9375,0.0,-34.32945990562439,289.3804192754501,23.461343733576165,0.5931928157806396,27.016969919204712,-2498.236311693835,27.610304355621338,-6.8034632205963135,-1864.5625,-0.7557700872421265,165.9375
69,68,0.34375,0.546875,0.0,0.0,0.0025010015815496445,0.04340093582868576,5987.703125,5492.453125,7168.0,7168.0,74.10842275619507,129.929372549057,1292.744420093482,676.3616900160102,96.72314877866961,55.16843389121733,21.162949562072754,19.772753953933716,109.8695764541626,76.7754054069519,7144.998873528089,9399.181888717943,131.265784740448,96.78300666809082,225.88799214363098,246.8119032382965,0.0,2284.9765625,0.0,0.868461012840271,5987.703125,5492.453125,-0.203125,0.0,-0.040899934247136116,495.25,0.0,-55.82094979286194,616.3827300774717,41.55471488745228,1.390195608139038,33.09417104721069,-2254.183015189855,34.48277807235718,-20.923911094665527,-2284.9765625,-0.868461012840271,495.25
70,69,0.4375,0.453125,0.0,0.0,0.002600564621388912,0.05367598682641983,5960.5390625,5643.9296875,7168.0,7168.0,72.17984533309937,132.59180092811584,1321.2639145995372,681.0592688831293,99.30750013276885,54.060657973007736,21.434947967529297,20.68468475341797,110.73090124130249,79.90657830238342,7075.504590111329,9297.745139186363,132.40033555030823,100.82724380493164,224.8952305316925,253.50887322425842,0.0,2552.5546875,0.0,1.0244548320770264,5960.5390625,5643.9296875,-0.015625,0.0,-0.05107542220503092,316.609375,0.0,-60.41195559501648,640.2046457164079,45.246842159761115,0.7502632141113281,30.824322938919067,-2222.2405490750343,31.573091745376587,-28.613642692565918,-2552.5546875,-1.0244548320770264,316.609375
71,70,0.3828125,0.4140625,0.0,0.0,0.002795071341097355,0.05180183798074722,5642.859375,5503.453125,7168.0,7168.0,72.12057948112488,131.8772692680359,1251.8722207941942,667.7060458465425,99.38910712546316,54.35356706872125,20.117834091186523,19.93895673751831,104.05524897575378,78.03302335739136,7131.576804673388,9281.121874299388,124.40613436698914,98.20690965652466,216.77461314201355,250.3336215019226,0.0,2413.703125,0.0,0.923332691192627,5642.859375,5503.453125,-0.03125,0.0,-0.04900676663964987,139.40625,0.0,-59.75668978691101,584.1661749476517,45.03554005674191,0.1788773536682129,26.022225618362427,-2149.5450696259995,26.199224710464478,-33.55900835990906,-2413.703125,-0.923332691192627,139.40625
72,71,0.390625,0.3984375,0.0,0.0,0.0024853572249412537,0.04350922256708145,6026.734375,5954.8515625,7168.0,7168.0,74.09526586532593,140.18451142311096,1301.4023078784162,679.6587157366405,96.7403236399531,51.132610352118235,21.438775062561035,21.881216764450073,111.20845365524292,84.43753337860107,7126.346729510856,9276.78685837255,132.88150906562805,106.56365633010864,227.3091812133789,266.71507453918457,0.0,2365.078125,0.0,0.9633471965789795,6026.734375,5954.8515625,-0.0078125,0.0,-0.0410238653421402,71.8828125,0.0,-66.08924555778503,621.7435921417757,45.60771328783487,-0.4424417018890381,26.770920276641846,-2150.4401288616946,26.31785273551941,-39.405893325805664,-2365.078125,-0.9633471965789795,71.8828125
73,72,0.5078125,0.5859375,0.0,0.0,0.00241178460419178,0.04660977050662041,5866.2890625,5617.671875,7168.0,7168.0,76.18635654449463,130.9425172805786,1231.9873171147538,686.429067247903,94.08508721392549,54.741577822585185,21.177287340164185,21.117196083068848,109.0224540233612,80.71910667419434,7048.428756110555,9125.646087402667,130.43294215202332,102.07062935829163,227.20173048973083,252.93299198150635,0.0,2229.7109375,0.0,0.9853517413139343,5866.2890625,5617.671875,-0.078125,0.0,-0.04419798590242863,248.6171875,0.0,-54.756160736083984,545.5582498668507,39.343509391340305,0.060091257095336914,28.30334734916687,-2077.2173312921122,28.36231279373169,-25.731261491775513,-2229.7109375,-0.9853517413139343,248.6171875
74,73,0.3046875,0.34375,0.0,0.0,0.0025853195693343878,0.04785541445016861,6378.0234375,6217.3125,7168.0,7168.0,77.20556998252869,143.44839668273926,1321.7747763936352,693.4688870731017,92.84304230409917,49.96918868220787,21.954601287841797,22.897759199142456,115.88160824775696,89.14224553108215,7220.084469411003,9155.075633757067,138.07057666778564,112.27529788017273,235.48641800880432,275.77930665016174,0.0,2388.03125,0.0,0.9976344704627991,6378.0234375,6217.3125,-0.0390625,0.0,-0.04527009488083422,160.7109375,0.0,-66.24282670021057,628.3058893205335,42.8738536218913,-0.9431579113006592,26.739362716674805,-1934.9911643460646,25.795278787612915,-40.29288864135742,-2388.03125,-0.9976344704627991,160.7109375
75,74,0.5625,0.65625,0.0,0.0,0.0033046130556613207,0.052180588245391846,5625.8203125,5257.171875,7168.0,7168.0,82.75330519676208,125.459956407547,1087.7284573223544,670.4509742276629,86.61889676740627,57.13376765982051,20.20428991317749,20.689284563064575,103.78132653236389,78.34434628486633,7109.034203469388,8814.90538562834,124.2177221775055,99.2669460773468,227.09605526924133,244.66874146461487,0.0,2012.59375,0.0,0.9125559329986572,5625.8203125,5257.171875,-0.09375,0.0,-0.048875975189730525,368.6484375,0.0,-42.70665121078491,417.27748309469155,29.485129107585756,-0.48499464988708496,25.43698024749756,-1705.8711821589532,24.95077610015869,-17.572686195373535,-2012.59375,-0.9125559329986572,368.6484375
76,75,0.484375,0.484375,0.0,0.0,0.003323609009385109,0.0492306724190712,5536.9609375,5342.0546875,7168.0,7168.0,94.52343940734863,128.67099046707153,937.2423978164356,664.2746332311287,75.83304252302452,55.70797251175569,20.387977361679077,19.753803730010986,104.08518409729004,76.65125107765198,7028.349004179227,9218.362258486504,124.70374488830566,96.63997149467468,239.35156106948853,245.34655594825745,0.0,2271.4140625,0.0,0.8546422719955444,5536.9609375,5342.0546875,0.0,0.0,-0.04590706340968609,194.90625,0.0,-34.1475510597229,272.9677645853069,20.125070011268825,0.6341736316680908,27.43393301963806,-2190.013254307277,28.06377339363098,-5.994994878768921,-2271.4140625,-0.8546422719955444,194.90625
77,76,0.3984375,0.421875,0.0,0.0,0.00257853209041059,0.04478643089532852,5945.390625,5680.2734375,7168.0,7168.0,84.27521228790283,132.06894063949585,1128.7571685376195,688.1585826305976,85.05466560573613,54.274683852929876,22.796850204467773,21.076946020126343,110.67542767524719,81.06307458877563,7045.484407686599,9200.57626463715,133.70230770111084,102.37499165534973,238.11534595489502,254.66926741600037,0.0,2042.7265625,0.0,0.9095518589019775,5945.390625,5680.2734375,-0.0234375,0.0,-0.04220789880491793,265.1171875,0.0,-47.79372835159302,440.59858590702186,30.779981752806258,1.7199041843414307,29.612353086471558,-2155.09185695055,31.32731604576111,-16.553921461105347,-2042.7265625,-0.9095518589019775,265.1171875
78,77,0.640625,0.59375,0.0,0.0,0.002625118475407362,0.04508449137210846,5611.765625,5295.9453125,7168.0,7168.0,83.37149500846863,128.283531665802,1076.965814165616,660.5300298462925,85.97662785430315,55.87622906012382,20.193556785583496,19.651464700698853,104.09139013290405,75.3624005317688,7096.398646005782,9265.217072081658,124.51730108261108,95.24972796440125,227.9469985961914,243.71069598197937,0.0,1887.5,0.0,0.889992356300354,5611.765625,5295.9453125,0.046875,0.0,-0.0424593728967011,315.8203125,0.0,-44.912036657333374,416.4357843193235,30.100398794179327,0.5420920848846436,28.728989601135254,-2168.8184260758753,29.26757311820984,-15.763697385787964,-1887.5,-0.889992356300354,315.8203125
79,78,0.25,0.296875,0.0,0.0,0.0028637656942009926,0.06773677468299866,6373.21875,6313.3828125,7168.0,7168.0,77.67335224151611,146.29784488677979,1312.8247598086364,690.468988645561,92.28390166182027,48.995937059410075,23.04257082939148,22.87431764602661,116.76722168922424,89.00555682182312,7147.862113405269,9291.296291258468,140.04475569725037,112.11530613899231,237.87781381607056,278.8924911022186,0.0,2872.3671875,0.0,1.040191650390625,6373.21875,6313.3828125,-0.046875,0.0,-0.06487300898879766,59.8359375,0.0,-68.62449264526367,622.3557711630754,43.28796460241019,0.16825318336486816,27.761664867401123,-2143.434177853199,27.929449558258057,-41.01467728614807,-2872.3671875,-1.040191650390625,59.8359375
80,79,0.609375,0.6171875,0.0,0.0,0.003367701778188348,0.05134127289056778,5268.109375,4943.296875,7168.0,7168.0,97.6230525970459,121.6342408657074,863.4205523967669,650.2506978057589,73.42528029303712,58.93077433610135,19.74734330177307,18.040510892868042,99.53201103210449,70.38155055046082,7020.836741403724,9337.986942029609,119.51153469085693,88.65616273880005,237.3109118938446,230.15904808044434,0.0,1913.40625,0.0,0.8338128328323364,5268.109375,4943.296875,-0.0078125,0.0,-0.04797357111237943,324.8125,0.0,-24.0111882686615,213.16985459100795,14.494505956935768,1.7068324089050293,29.150460481643677,-2317.150200625885,30.855371952056885,7.1518638134002686,-1913.40625,-0.8338128328323364,324.8125
81,80,0.3671875,0.390625,0.0,0.0,0.002277788706123829,0.05330277234315872,6613.9765625,6445.8828125,7168.0,7168.0,76.58322405815125,146.76756930351257,1381.8120913745536,702.7037750194021,93.59752201810134,48.83912729505461,23.656949520111084,24.74256706237793,122.25574779510498,96.86928844451904,7081.785647011236,8715.58998271727,146.14840006828308,121.84807205200195,243.0346007347107,288.63014340400696,0.0,2416.4609375,0.0,1.306652545928955,6613.9765625,6445.8828125,-0.0234375,0.0,-0.05102498363703489,168.09375,0.0,-70.18434524536133,679.1083163551515,44.758394723046734,-1.0856175422668457,25.386459350585938,-1633.804335706035,24.300328016281128,-45.595542669296265,-2416.4609375,-1.306652545928955,168.09375
82,81,0.609375,0.703125,0.0,0.0,0.003348322119563818,0.05149313062429428,5411.5859375,5127.9609375,7168.0,7168.0,95.51388788223267,122.07451224327087,906.5213124478672,672.1089725633756,75.04667812117592,58.71823584038217,19.58725380897522,19.18023681640625,100.23277258872986,74.06468439102173,7157.36960548435,9196.00219187006,120.05269837379456,93.48610377311707,236.16118240356445,235.63641119003296,0.0,1910.4140625,0.0,0.8550747632980347,5411.5859375,5127.9609375,-0.09375,0.0,-0.04814480850473046,283.625,0.0,-26.560624361038208,234.41233988449164,16.328442280793745,0.4070169925689697,26.16808819770813,-2038.63258638571,26.56659460067749,0.5247712135314941,-1910.4140625,-0.8550747632980347,283.625
83,82,0.5078125,0.515625,0.0,0.0,0.003156757215037942,0.060070641338825226,5964.59375,5686.3828125,7168.0,7168.0,74.76973557472229,132.68651819229126,1276.365353795147,685.6923087554936,95.86766550533736,54.02206718253039,22.032607793807983,22.790008068084717,111.94546246528625,88.75120949745178,6995.227700656742,8422.11620813417,134.2117462158203,111.7749650478363,229.22729301452637,264.6090099811554,0.0,2423.3515625,0.0,1.0481499433517456,5964.59375,5686.3828125,-0.0078125,0.0,-0.056913884123787284,278.2109375,0.0,-57.91678261756897,590.6730450396534,41.845598322806964,-0.7574002742767334,23.194252967834473,-1426.888507477428,22.43678116798401,-35.38171696662903,-2423.3515625,-1.0481499433517456,278.2109375
84,83,0.484375,0.53125,0.0,0.0,0.0030816581565886736,0.050385478883981705,6016.1953125,5929.15625,7168.0,7168.0,93.35068941116333,136.0602638721466,1031.1560161706623,697.2388359407001,76.78572108266418,52.68253784025909,22.77182674407959,23.310746431350708,114.59602069854736,90.42062854766846,6878.502370283369,8594.366268868833,137.60077214241028,113.96474695205688,251.30492043495178,270.1660044193268,0.0,2190.203125,0.0,1.1127607822418213,6016.1953125,5929.15625,-0.046875,0.0,-0.04730382072739303,87.0390625,0.0,-42.709574460983276,333.9171802299621,24.103183242405095,-0.5389196872711182,24.175392150878906,-1715.863898585464,23.636025190353394,-18.861083984375,-2190.203125,-1.1127607822418213,87.0390625
85,84,0.59375,0.6328125,0.0,0.0,0.0030895713716745377,0.05773267149925232,5696.65625,5357.0546875,7168.0,7168.0,83.29400277137756,126.48072338104248,1094.2744611538924,677.6754015058633,86.05661586074177,56.672667647585364,22.113557815551758,20.81862187385559,107.06492257118225,81.19642210006714,7006.178886472219,8702.932736729734,129.41826176643372,102.25190925598145,233.05269241333008,248.68501925468445,0.0,2075.5546875,0.0,0.996340811252594,5696.65625,5357.0546875,-0.0390625,0.0,-0.05464310012757778,339.6015625,0.0,-43.18672060966492,416.5990596480291,29.38394821315641,1.294935941696167,25.868500471115112,-1696.7538502575144,27.16635251045227,-15.63232684135437,-2075.5546875,-0.996340811252594,339.6015625
86,85,0.1484375,0.2421875,0.0,0.0,0.0025229104794561863,0.060861509293317795,6778.65625,6582.796875,7168.0,7168.0,81.5180344581604,151.1938579082489,1330.484729187956,696.6205602341049,87.93146262228657,47.40933328356406,22.863046646118164,24.31824231147766,121.82742524147034,94.05258250236511,7277.34332596078,9159.876072284733,144.92725229263306,118.6089243888855,247.75180315971375,289.7472381591797,0.0,2662.3828125,0.0,1.1775352954864502,6778.65625,6582.796875,-0.09375,0.0,-0.05833859881386161,195.859375,0.0,-69.6758234500885,633.864168953851,40.522129338722515,-1.455195665359497,27.774842739105225,-1882.5327463239528,26.31832790374756,-41.99543499946594,-2662.3828125,-1.1775352954864502,195.859375
87,86,0.5078125,0.546875,0.0,0.0,0.002939848229289055,0.05863761901855469,6129.015625,5911.8125,7168.0,7168.0,78.61101460456848,135.78864288330078,1247.4619554687822,696.5899208617285,91.18315080980308,52.78791987162217,21.990288496017456,22.600712776184082,113.42349028587341,87.54368281364441,7077.070172826227,8851.626697605927,135.65013146400452,110.3806459903717,234.62561798095703,266.20281767845154,0.0,2306.265625,0.0,1.0338592529296875,6129.015625,5911.8125,-0.0390625,0.0,-0.05569777078926563,217.203125,0.0,-57.1776282787323,550.8720346070537,38.39523093818091,-0.610424280166626,25.879807472229004,-1774.5565247797003,25.269485473632812,-31.577199697494507,-2306.265625,-1.0338592529296875,217.203125
88,87,0.359375,0.3828125,0.0,0.0,0.0032676784321665764,0.06401734054088593,5915.8125,5566.890625,7168.0,7168.0,75.25092315673828,131.8213667869568,1257.8317451714129,675.6890189429681,95.25464538248853,54.37661719578867,21.28290343284607,20.552404403686523,109.504403591156,79.70811080932617,7075.7337110649105,9160.447946717213,131.0193738937378,100.49708199501038,226.83786010742188,252.243426322937,0.0,2227.953125,0.0,0.9506258964538574,5915.8125,5566.890625,-0.0234375,0.0,-0.06074966210871935,348.921875,0.0,-56.570443630218506,582.1427262284448,40.878028186699865,0.7304990291595459,29.796292781829834,-2084.7142356523027,30.522291898727417,-25.405566215515137,-2227.953125,-0.9506258964538574,348.921875
89,88,0.7109375,0.765625,0.0,0.0,0.0033626402728259563,0.049085937440395355,5241.84375,4825.3046875,7168.0,7168.0,92.22923469543457,117.68317198753357,909.3591666130524,656.0400582011715,77.71939151041033,60.90930316493612,19.831007719039917,18.561187982559204,99.26457595825195,69.56559562683105,6953.175322990162,9155.200846930667,119.32651615142822,88.35657477378845,231.6993329524994,225.8910493850708,0.0,1726.984375,0.0,0.8024530410766602,5241.84375,4825.3046875,-0.0546875,0.0,-0.0457232971675694,416.5390625,0.0,-25.453937292099,253.31910841188085,16.810088345474213,1.269819736480713,29.6989803314209,-2202.025523940505,30.96994137763977,5.808283567428589,-1726.984375,-0.8024530410766602,416.5390625
90,89,0.4453125,0.53125,0.0,0.0,0.003033608430996537,0.060414716601371765,6126.2578125,5825.0625,7168.0,7168.0,73.60523414611816,133.76704716682434,1331.7004712655946,696.7411030892132,97.38437874907609,53.58569357564275,21.624712228775024,22.535499811172485,112.3143298625946,84.82846808433533,7161.054168100967,9026.875261247385,134.17373919487,107.60248851776123,227.83800601959229,261.4341776371002,0.0,2288.59375,0.0,0.952215313911438,6126.2578125,5825.0625,-0.0859375,0.0,-0.05738110817037523,301.1953125,0.0,-60.16181302070618,634.9593681763814,43.79868517343334,-0.9107875823974609,27.485861778259277,-1865.8210931464182,26.571250677108765,-33.596171617507935,-2288.59375,-0.952215313911438,301.1953125
91,90,0.4140625,0.4609375,0.0,0.0,0.00305469473823905,0.06480663269758224,6111.0,5812.203125,7168.0,7168.0,73.50594878196716,134.62363743782043,1330.1780552485961,690.7795077439679,97.51591699416971,53.24473574197351,21.525495529174805,22.16942071914673,112.16860508918762,84.77176928520203,7159.65041520707,9022.366838030744,133.92790579795837,107.176913022995,227.68297839164734,261.92730712890625,0.0,2461.1640625,0.0,0.9817542433738708,6111.0,5812.203125,-0.046875,0.0,-0.061751937959343195,298.796875,0.0,-61.11768865585327,639.3985475046283,44.27118125219621,-0.6439251899719238,27.396835803985596,-1862.7164228236743,26.75099277496338,-34.24432873725891,-2461.1640625,-0.9817542433738708,298.796875
92,91,0.4296875,0.4609375,0.0,0.0,0.003873650450259447,0.07219116389751434,5417.203125,5202.2890625,7168.0,7168.0,69.04252457618713,127.6612000465393,1255.38934927496,652.0119266437713,103.82007384579697,56.148618353790205,19.328886032104492,19.161120891571045,100.24809050559998,73.37577700614929,7119.078242793396,9351.383085762698,119.80834913253784,92.77202224731445,209.42620730400085,240.6375994682312,0.0,2286.1796875,0.0,0.957042396068573,5417.203125,5202.2890625,-0.03125,0.0,-0.0683175134472549,214.9140625,0.0,-58.61867547035217,603.3774226311888,47.671455492006764,0.16776514053344727,26.872313499450684,-2232.3048429693017,27.03632688522339,-31.211392164230347,-2286.1796875,-0.957042396068573,214.9140625
93,92,0.2578125,0.28125,0.0,0.0,0.002991404850035906,0.06960391998291016,6298.7734375,6160.96875,7168.0,7168.0,78.55419754981995,144.06466341018677,1282.9406720892791,684.2448221971812,91.24910219411223,49.75543502705434,21.63537096977234,22.750226974487305,113.97647595405579,87.58995938301086,7257.102775606274,9241.926879543826,135.84888291358948,110.57700705528259,234.47677564620972,274.57552552223206,0.0,2508.9296875,0.0,1.0879515409469604,6298.7734375,6160.96875,-0.0234375,0.0,-0.06661251513287425,137.8046875,0.0,-65.51046586036682,598.695849892098,41.493667167057886,-1.1148560047149658,26.386516571044922,-1984.8241039375516,25.271875858306885,-40.09874987602234,-2508.9296875,-1.0879515409469604,137.8046875
94,93,0.671875,0.75,0.0,0.0,0.004158555530011654,0.05783912539482117,5069.5078125,4692.875,7168.0,7168.0,91.08276152610779,117.02773666381836,890.5321231037793,641.6085804999974,78.69765782129232,61.25043689934184,18.951768159866333,18.592655658721924,96.18557167053223,71.31425952911377,6969.038997824681,8723.528844130047,115.36727333068848,90.14009499549866,226.70958542823792,227.1968698501587,0.0,1727.796875,0.0,0.882881224155426,5069.5078125,4692.875,-0.078125,0.0,-0.05368056986480951,376.6328125,0.0,-25.94497513771057,248.92354260378193,17.447220921950482,0.3591125011444092,24.871312141418457,-1754.489846305366,25.22717833518982,-0.48728442192077637,-1727.796875,-0.882881224155426,376.6328125
95,94,0.4375,0.546875,0.0,0.0,0.0032526510767638683,0.05503734201192856,5894.7109375,5598.828125,7168.0,7168.0,72.86558127403259,130.79356622695923,1294.3748385853,684.9056309433015,98.37292003535406,54.80391892948117,20.966469526290894,20.751298904418945,108.69650459289551,80.00089311599731,7102.739898505084,9177.022548179431,129.89422869682312,100.98760390281677,222.89393949508667,252.06781458854675,0.0,1935.203125,0.0,0.9974695444107056,5894.7109375,5598.828125,-0.109375,0.0,-0.05178469093516469,295.8828125,0.0,-57.927984952926636,609.4692076419985,43.569001105872886,0.21517062187194824,28.695611476898193,-2074.2826496743473,28.906624794006348,-29.173875093460083,-1935.203125,-0.9974695444107056,295.8828125
96,95,0.5,0.5234375,0.0,0.0,0.003820810467004776,0.07296374440193176,6048.96875,5751.8203125,7168.0,7168.0,75.58201789855957,134.48657822608948,1280.5096065296304,684.2996990025803,94.83737268857182,53.298999012002945,21.212933778762817,22.401620388031006,110.51605129241943,85.94500207901001,7164.4615487118,8770.17839044402,131.96567845344543,108.58190751075745,227.65438508987427,262.9817771911621,0.0,2261.515625,0.0,1.0711255073547363,6048.96875,5751.8203125,-0.0234375,0.0,-0.06914293393492699,297.1484375,0.0,-58.90456032752991,596.2099075270502,41.538373676568874,-1.1886866092681885,24.571049213409424,-1605.71684173222,23.38377094268799,-35.32739210128784,-2261.515625,-1.0711255073547363,297.1484375
97,96,0.71875,0.7421875,0.0,0.0,0.00416222820058465,0.06330355256795883,5211.4375,4793.15625,7168.0,7168.0,92.88889789581299,117.76237034797668,897.6637885565711,651.2309473169299,77.16745663232916,60.86834002083379,20.802613019943237,19.998307704925537,101.94027328491211,77.25141763687134,6735.159499534316,8194.5939552293,122.9748260974884,97.48343276977539,235.90153169631958,235.33713173866272,0.0,1880.875,0.0,0.9136902689933777,5211.4375,4793.15625,-0.0234375,0.0,-0.05914132436737418,418.28125,0.0,-24.873472452163696,246.43284123964122,16.29911661149537,0.8043053150177002,24.68885564804077,-1459.4344556949845,25.491393327713013,0.5643999576568604,-1880.875,-0.9136902689933777,418.28125
98,97,0.828125,0.7578125,0.0,0.0,0.004585837945342064,0.07013313472270966,4836.0,4569.7734375,7168.0,7168.0,93.25037169456482,116.17204928398132,829.7661295489498,629.3800914303216,76.8683263105727,61.701588671108844,18.78017807006836,17.801530361175537,92.58408379554749,67.24532008171082,7017.7072922683765,9155.298826028533,111.59335470199585,85.2790138721466,224.99350023269653,221.22352170944214,0.0,1828.8203125,0.0,0.920142650604248,4836.0,4569.7734375,0.0703125,0.0,-0.06554729677736759,266.2265625,0.0,-22.921677589416504,200.38603811862822,15.166737639463854,0.9786477088928223,25.33876371383667,-2137.5915337601564,26.314340829849243,3.7699785232543945,-1828.8203125,-0.920142650604248,266.2265625
99,98,0.609375,0.640625,0.0,0.0,0.004177144728600979,0.06724589318037033,5084.5625,4786.21875,7168.0,7168.0,94.65811443328857,117.76825475692749,859.4403183187691,650.2558788704081,75.72515090665294,60.86529867318388,18.4582941532135,17.675926685333252,94.15119075775146,67.62129020690918,7108.141645514998,9332.14965388996,112.84063935279846,85.53007388114929,227.5397334098816,223.24626636505127,0.0,1830.0546875,0.0,0.8510475158691406,5084.5625,4786.21875,-0.03125,0.0,-0.06306874845176935,298.34375,0.0,-23.110140323638916,209.184439448361,14.859852233469063,0.782367467880249,26.529900550842285,-2224.008008374961,27.31056547164917,4.293467044830322,-1830.0546875,-0.8510475158691406,298.34375
100,99,0.34375,0.390625,0.0,0.0,0.0034313166979700327,0.06733152270317078,5846.609375,5711.9765625,7168.0,7168.0,74.32882928848267,138.74481415748596,1258.539262564371,658.7029976937627,96.43633659531739,51.66319219588108,20.202749729156494,21.003921270370483,106.38867950439453,80.47352170944214,7217.741620416309,9327.9501636614,126.82407307624817,101.71230864524841,221.32832622528076,260.5760066509247,0.0,2075.0234375,0.0,1.1081247329711914,5846.609375,5711.9765625,-0.046875,0.0,-0.06390020600520074,134.6328125,0.0,-64.4159848690033,599.8362648706084,44.773144399436305,-0.8011715412139893,25.915157794952393,-2110.2085432450913,25.111764430999756,-39.24768042564392,-2075.0234375,-1.1081247329711914,134.6328125
101,100,0.265625,0.28125,0.0,0.0,0.0036121434532105923,0.07873289287090302,5661.234375,5561.765625,7168.0,7168.0,93.74137806892395,131.38273692131042,966.2728654724988,677.3207202503178,76.4656990078563,54.55815709101233,21.582914352416992,20.691041469573975,105.88982105255127,79.79546976089478,7002.580537292678,9132.974618530876,127.70471167564392,100.72114539146423,241.61266493797302,252.0437343120575,0.0,2094.375,0.0,1.0663609504699707,5661.234375,5561.765625,-0.015625,0.0,-0.07512074941769242,99.46875,0.0,-37.641358852386475,288.952145222181,21.907541916843968,0.8918728828430176,26.094351291656494,-2130.394081238198,26.983566284179688,-10.431069374084473,-2094.375,-1.0663609504699707,99.46875
102,101,0.3671875,0.4296875,0.0,0.0,0.0029467607382684946,0.053985580801963806,6404.8203125,6129.515625,7168.0,7168.0,75.4841537475586,140.86076426506042,1357.5978521626396,696.2353960784676,94.96032801761173,50.8871298363243,21.84903573989868,22.633140087127686,115.40716576576233,87.67283082008362,7258.830025340813,9153.143482349742,137.49005031585693,110.54175591468811,233.24423122406006,271.48811960220337,0.0,1893.0234375,0.0,1.0898200273513794,6404.8203125,6129.515625,-0.0625,0.0,-0.05103882006369531,275.3046875,0.0,-65.37661051750183,661.362456084172,44.07319818128743,-0.7841043472290039,27.73433494567871,-1894.3134570089287,26.948294401168823,-38.24388837814331,-1893.0234375,-1.0898200273513794,275.3046875
103,102,0.6953125,0.796875,0.0,0.0,0.004246615804731846,0.06361675262451172,5283.1796875,5034.1796875,7168.0,7168.0,91.60191893577576,120.409264087677,922.8068143339505,668.9425071259394,78.2516358093508,59.530303206409116,21.263068437576294,19.825845956802368,102.01584148406982,76.26808214187622,6821.91108631569,8707.063051155197,123.51047110557556,96.32734179496765,235.0486936569214,236.77469944953918,0.0,1801.0234375,0.0,1.0069422721862793,5283.1796875,5034.1796875,-0.1015625,0.0,-0.05937013681977987,249.0,0.0,-28.807345151901245,253.86430720801104,18.721332602941686,1.4372224807739258,25.747759342193604,-1885.151964839507,27.18312931060791,-1.7260057926177979,-1801.0234375,-1.0069422721862793,249.0
104,103,0.5234375,0.515625,0.0,0.0,0.0040838452987372875,0.07183686643838882,5373.1875,5019.4453125,7168.0,7168.0,95.88099980354309,122.4566261768341,896.6427152006305,655.8332326094492,74.75933724811995,58.535011324328124,20.039458751678467,18.31595230102539,101.06401443481445,70.92465662956238,6952.504350133477,9268.553860379207,121.33668184280396,89.47461438179016,237.2939395904541,231.9485936164856,0.0,1908.4375,0.0,1.0243078470230103,5373.1875,5019.4453125,0.0078125,0.0,-0.06775302113965154,353.7421875,0.0,-26.575626373291016,240.80948259118134,16.224325923791824,1.7235064506530762,30.139357805252075,-2316.04951024573,31.862067461013794,5.345345973968506,-1908.4375,-1.0243078470230103,353.7421875
105,104,0.609375,0.6484375,0.0,0.0,0.004841086454689503,0.06662565469741821,4717.921875,4389.2109375,7168.0,7168.0,106.56363606452942,115.68868017196655,708.3725066803195,607.0375675097152,67.26497203660948,61.9593895387609,17.554866790771484,15.995535373687744,88.9650046825409,61.57203960418701,6993.558896783842,9421.597915696651,106.7512354850769,77.80124688148499,233.33837270736694,213.50018692016602,0.0,1569.40625,0.0,0.8760596513748169,4717.921875,4389.2109375,-0.0390625,0.0,-0.06178456824272871,328.7109375,0.0,-9.125044107437134,101.33493917060423,5.305582497848576,1.5593314170837402,27.392965078353882,-2428.0390189128093,28.94998860359192,19.838185787200928,-1569.40625,-0.8760596513748169,328.7109375
106,105,0.5,0.515625,0.0,0.0,0.004048597998917103,0.07435937225818634,5900.8203125,5615.78125,7168.0,7168.0,77.84810161590576,131.91194248199463,1212.7864782859356,681.1551578225334,92.07674755341047,54.33928016774068,21.83966064453125,20.990456581115723,111.36162495613098,81.09777927398682,6959.605701742508,9106.883155269074,133.4352822303772,102.32351517677307,231.5693278312683,254.02950048446655,0.0,2128.84375,0.0,1.0669434070587158,5900.8203125,5615.78125,-0.015625,0.0,-0.07031077425926924,285.0390625,0.0,-54.06384086608887,531.6313204634022,37.73746738566979,0.8492040634155273,30.263845682144165,-2147.2774535265653,31.111767053604126,-22.460172653198242,-2128.84375,-1.0669434070587158,285.0390625
107,106,0.546875,0.609375,0.0,0.0,0.0031697081867605448,0.06376191973686218,6045.328125,5726.4375,7168.0,7168.0,86.59958600997925,131.90617418289185,1116.9250854023012,694.6073644207281,82.77175827577283,54.341656441808055,22.32366633415222,24.072847604751587,113.65227508544922,93.04445219039917,7025.4466916714255,8142.774578860677,136.21054363250732,117.35303258895874,243.04666209220886,269.21928191185,0.0,2096.0234375,0.0,1.0791597366333008,6045.328125,5726.4375,-0.0625,0.0,-0.06059221155010164,318.890625,0.0,-45.3065881729126,422.3177209815731,28.43010183396477,-1.7491812705993652,20.60782289505005,-1117.3278871892517,18.857511043548584,-26.172619819641113,-2096.0234375,-1.0791597366333008,318.890625
108,107,0.53125,0.5703125,0.0,0.0,0.0039755310863256454,0.07308894395828247,5931.9453125,5733.1171875,7168.0,7168.0,78.10310959815979,132.99516367912292,1215.2028963804053,689.7233888994372,91.77611540538314,53.89669670465773,21.118566751480103,22.110548496246338,109.096360206604,84.71096968650818,7152.36510661119,8910.85301931355,130.44887399673462,107.05737352371216,228.7165334224701,259.98730993270874,0.0,2119.203125,0.0,1.1013646125793457,5931.9453125,5733.1171875,-0.0390625,0.0,-0.06911341287195683,198.828125,0.0,-54.892054080963135,525.4795074809681,37.87941870072541,-0.9919817447662354,24.385390520095825,-1758.4879127023605,23.39150047302246,-31.270776510238647,-2119.203125,-1.1013646125793457,198.828125
109,108,0.265625,0.3671875,0.0,0.0,0.0036583440378308296,0.07278694212436676,6648.640625,6302.21875,7168.0,7168.0,78.4008960723877,142.47200775146484,1356.8499255643808,707.7565733186157,91.42752645813859,50.311637444628495,22.711830139160156,23.884265899658203,119.99580383300781,91.24057841300964,7248.4034625946315,9046.808057962775,142.943528175354,115.36114382743835,241.37930250167847,277.93513226509094,0.0,2242.75,0.0,1.1905896663665771,6648.640625,6302.21875,-0.1015625,0.0,-0.06912859808653593,346.421875,0.0,-64.07111167907715,649.0933522457651,41.11588901351009,-1.1724357604980469,28.75522541999817,-1798.4045953681434,27.58238434791565,-36.555829763412476,-2242.75,-1.1905896663665771,346.421875
110,109,0.5078125,0.6015625,0.0,0.0,0.003844281192868948,0.08454635739326477,5916.3828125,5395.2109375,7168.0,7168.0,73.38776111602783,126.85289788246155,1289.8898066986521,680.4998264997059,97.67296196251604,56.50639535757137,21.3175847530365,20.496980667114258,109.59511208534241,78.31551432609558,7084.12068044991,9061.742186165131,131.14599871635437,99.04633665084839,224.72203755378723,246.22314834594727,0.0,2196.390625,0.0,1.0549137592315674,5916.3828125,5395.2109375,-0.09375,0.0,-0.08070207620039582,521.171875,0.0,-53.465136766433716,609.3899801989462,41.16656660494467,0.8206040859222412,31.279597759246826,-1977.6215057152212,32.09966206550598,-21.501110792160034,-2196.390625,-1.0549137592315674,521.171875
111,110,0.3984375,0.40625,0.0,0.0,0.0037394859828054905,0.07690070569515228,5876.3515625,5598.15625,7168.0,7168.0,72.65618538856506,134.25654125213623,1294.0622260468622,667.1592993877666,98.65643181878538,53.39032223791886,20.810767650604248,20.994709730148315,108.14483094215393,81.60544204711914,7136.919936680494,9021.604215744703,129.1892387866974,102.83570790290833,221.88037514686584,260.8293755054474,0.0,2145.6796875,0.0,1.0942015647888184,5876.3515625,5598.15625,-0.0078125,0.0,-0.07316121971234679,278.1953125,0.0,-61.60035586357117,626.9029266590956,45.26610958086652,-0.18394207954406738,26.53938889503479,-1884.6842790642086,26.353530883789062,-38.94900035858154,-2145.6796875,-1.0942015647888184,278.1953125
112,111,0.4921875,0.578125,0.0,0.0,0.0041178688406944275,0.0626387894153595,5888.8515625,5584.828125,7168.0,7168.0,75.1332848072052,130.23498678207397,1254.059705252821,686.1232316130543,95.40378832621725,55.038973605413915,21.348065853118896,21.84487509727478,109.73607134819031,84.08380460739136,7052.676394294511,8741.493126196961,131.3162682056427,106.16187047958374,226.4701223373413,256.62686371803284,0.0,1886.4765625,0.0,1.096635341644287,5888.8515625,5584.828125,-0.0859375,0.0,-0.05852092057466507,304.0234375,0.0,-55.101701974868774,567.9364736397667,40.36481472080334,-0.4968092441558838,25.65226674079895,-1688.8167319024506,25.15439772605896,-30.15674138069153,-1886.4765625,-1.096635341644287,304.0234375
113,112,0.6328125,0.7109375,0.0,0.0,0.004884717985987663,0.06804326176643372,4702.15625,4366.3046875,7168.0,7168.0,107.35833144187927,112.1139223575592,700.7793339330149,623.1239932646035,66.76705853872691,63.9349676585167,17.800419092178345,16.23530411720276,89.42784905433655,62.94965577125549,6937.659873973168,9172.901629490252,107.45944118499756,79.4152729511261,234.7709183692932,211.60994410514832,0.0,1562.3828125,0.0,0.8425335884094238,4702.15625,4366.3046875,-0.078125,0.0,-0.06315854378044605,335.8515625,0.0,-4.755590915679932,77.65534066841133,2.8320908802102167,1.565114974975586,26.478193283081055,-2235.241755517084,28.04416823387146,23.160974264144897,-1562.3828125,-0.8425335884094238,335.8515625
114,113,0.65625,0.6953125,0.0,0.0,0.004629327915608883,0.07933022081851959,5604.5234375,5288.921875,7168.0,7168.0,89.89357805252075,124.5242087841034,997.5392785857126,679.5686624013533,79.73873279147996,57.56310415453174,20.977179050445557,20.403534412384033,105.47219848632812,78.40679574012756,6976.350266325204,8869.307735835662,126.68039155006409,99.04354071617126,236.9314911365509,243.7873978614807,0.0,1854.8046875,0.0,1.1360549926757812,5604.5234375,5288.921875,-0.0390625,0.0,-0.07470089290291071,315.6015625,0.0,-34.63063073158264,317.9706161843593,22.17562863694822,0.5736446380615234,27.06540274620056,-1892.9574695104584,27.636850833892822,-6.85590672492981,-1854.8046875,-1.1360549926757812,315.6015625
115,114,0.8671875,0.921875,0.0,0.0,0.00558727839961648,0.0692211464047432,4352.390625,3797.921875,7168.0,7168.0,84.96411681175232,103.95403027534485,819.619536024737,584.5540556633163,84.36502689578379,68.95355553809692,18.346563577651978,13.890090942382812,86.33058023452759,55.44534134864807,6702.630729783677,9156.224628642827,104.9069550037384,69.56525826454163,209.9309949874878,193.42623114585876,0.0,1389.796875,0.0,0.7635071277618408,4352.390625,3797.921875,-0.0546875,0.0,-0.06363386800512671,554.46875,0.0,-18.98991346359253,235.06548036142078,15.411471357686864,4.456472635269165,30.885238885879517,-2453.5938988591497,35.34169673919678,16.50476384162903,-1389.796875,-0.7635071277618408,554.46875
116,115,0.296875,0.296875,0.0,0.0,0.003766424022614956,0.07239103317260742,6338.8125,6311.65625,7168.0,7168.0,73.88105297088623,142.58776187896729,1372.7606188824384,708.2410065859673,97.02081537501424,50.2707939695723,22.640639066696167,24.42678141593933,116.75765657424927,94.61723160743713,7124.295094694936,8754.642108286866,139.63363122940063,119.28190612792969,233.63447189331055,282.1760284900665,0.0,2161.8828125,0.0,1.2690949440002441,6338.8125,6311.65625,0.0,0.0,-0.06862460914999247,27.15625,0.0,-68.70670890808105,664.5196122964711,46.750021405441935,-1.786142349243164,22.140424966812134,-1630.3470135919297,20.351725101470947,-48.54155659675598,-2161.8828125,-1.2690949440002441,27.15625
117,116,0.4765625,0.5390625,0.0,0.0,0.004141475073993206,0.07835642248392105,5598.2421875,5325.9921875,7168.0,7168.0,90.53212594985962,125.76549816131592,989.3932574786608,677.5775252024681,79.1763136543367,56.994963680784736,20.555387020111084,20.913206815719604,104.41884303092957,80.19333505630493,7041.784592290499,8734.478987664072,125.20597791671753,101.34614181518555,235.91728138923645,246.9815230369568,0.0,1937.046875,0.0,1.111623764038086,5598.2421875,5325.9921875,-0.0625,0.0,-0.07421494740992785,272.25,0.0,-35.2333722114563,311.81573227619265,22.18134997355196,-0.3578197956085205,24.225507974624634,-1692.6943953735727,23.859836101531982,-11.064241647720337,-1937.046875,-1.111623764038086,272.25
118,117,0.6328125,0.6484375,0.0,0.0,0.004722542595118284,0.07317814975976944,5339.1328125,5184.84375,7168.0,7168.0,93.50070095062256,126.18199563026428,913.6415463357145,657.4432397081455,76.66252688079204,56.806836539529115,19.801528692245483,20.008702754974365,100.30531072616577,76.62986040115356,6996.728238208081,8900.707849778784,120.33820343017578,96.87278985977173,233.89962029457092,242.87260007858276,0.0,1711.234375,0.0,1.064851999282837,5339.1328125,5184.84375,-0.015625,0.0,-0.06845560716465116,154.2890625,0.0,-32.681294679641724,256.19830662756897,19.855690341262928,-0.20717406272888184,23.675450325012207,-1903.9796115707031,23.465413570404053,-8.97297978401184,-1711.234375,-1.064851999282837,154.2890625
119,118,0.2890625,0.3125,0.0,0.0,0.0036868329625576735,0.08272591978311539,6356.3515625,6191.8046875,7168.0,7168.0,76.31097459793091,143.1322956085205,1332.7260664124387,692.1489980916825,93.93144351473599,50.079543331053074,21.730194330215454,22.689363718032837,115.16589093208313,88.1476743221283,7236.977834795833,9216.249960619325,137.12897849082947,111.0741548538208,233.5460524559021,274.2335169315338,0.0,2177.4375,0.0,1.1932907104492188,6356.3515625,6191.8046875,-0.0234375,0.0,-0.07903908682055771,164.546875,0.0,-66.8213210105896,640.5770683207562,43.851900183682915,-0.9591693878173828,27.018216609954834,-1979.2721258234924,26.054823637008667,-40.687464475631714,-2177.4375,-1.1932907104492188,164.546875
120,119,0.8125,0.796875,0.0,0.0,0.005694529507309198,0.07402831315994263,5084.09375,4613.453125,7168.0,7168.0,84.07317590713501,116.60512018203735,967.555931155165,633.0360955399195,85.25906060593668,61.47242924504277,19.23640489578247,18.027021169662476,96.6011712551117,68.6473023891449,6990.515655515581,8959.565468624402,116.06756615638733,86.90587997436523,220.1521601676941,223.5569818019867,0.0,1559.484375,0.0,0.9745934009552002,5084.09375,4613.453125,0.015625,0.0,-0.06833378365263343,470.640625,0.0,-32.531944274902344,334.5198356152455,23.786631360893914,1.2093837261199951,27.953868865966797,-1969.0498131088207,29.161686182022095,-3.4048216342926025,-1559.484375,-0.9745934009552002,470.640625
121,120,0.375,0.4453125,0.0,0.0,0.004252546466886997,0.07866380363702774,5980.0078125,5726.5859375,7168.0,7168.0,72.10374045372009,133.22993326187134,1326.9786615496382,687.723642553396,99.41231834707372,53.80172326522802,21.19683003425598,21.719905376434326,110.06376194953918,83.24465870857239,7128.676924197074,9035.666812368621,131.49196600914001,105.20540475845337,223.65085625648499,258.4434959888458,0.0,1951.4609375,0.0,1.1309354305267334,5980.0078125,5726.5859375,-0.0703125,0.0,-0.07441125717014074,253.421875,0.0,-61.126192808151245,639.2550189962423,45.6105950818457,-0.5230753421783447,26.819103240966797,-1906.9898881715471,26.286561250686646,-34.79263973236084,-1951.4609375,-1.1309354305267334,253.421875
122,121,0.4296875,0.4609375,0.0,0.0,0.003954859916120768,0.07408130913972855,6414.0,6243.265625,7168.0,7168.0,74.95979571342468,141.9290895462036,1369.0538911330154,703.8180144703955,95.62459358085297,50.504093437917305,23.061588287353516,24.55138659477234,117.79100155830383,93.89139175415039,7138.2023149180495,8722.43966885067,141.09101057052612,118.67883968353271,236.64294743537903,280.68576741218567,0.0,2007.671875,0.0,1.3970439434051514,6414.0,6243.265625,-0.03125,0.0,-0.07012644922360778,170.734375,0.0,-66.96929383277893,665.23587666262,45.12050014293567,-1.4897983074188232,23.899609804153442,-1584.23735393262,22.412170886993408,-44.04281997680664,-2007.671875,-1.3970439434051514,170.734375
123,122,0.4765625,0.453125,0.0,0.0,0.004625740461051464,0.07687224447727203,5418.0,5186.875,7168.0,7168.0,91.0422842502594,126.47402143478394,952.1729459435549,656.1821871283947,78.73264669300713,56.67567077161505,20.09965229034424,18.98230767250061,100.95114135742188,74.07478475570679,7076.849160828992,9245.143300227273,121.28383708000183,93.2912950515747,232.39758729934692,240.15364003181458,0.0,1739.734375,0.0,1.116510033607483,5418.0,5186.875,0.0234375,0.0,-0.07224650401622057,231.125,0.0,-35.431737184524536,295.9907588151601,22.056975921392073,1.117344617843628,26.876356601715088,-2168.294139398281,27.992542028427124,-7.756052732467651,-1739.734375,-1.116510033607483,231.125
124,123,0.5234375,0.6015625,0.0,0.0,0.005339169409126043,0.07803019881248474,5146.09375,4882.9765625,7168.0,7168.0,99.91386485099792,121.2181658744812,824.0848266933758,644.5207649891311,71.74179490193555,59.13305112554095,18.485332012176514,17.952850103378296,95.00328063964844,69.09854054450989,7097.481218123282,9270.890455166034,113.7185971736908,87.28472757339478,233.75064659118652,228.5335259437561,0.0,1640.5859375,0.0,0.9857065677642822,5146.09375,4882.9765625,-0.078125,0.0,-0.0726910294033587,263.1171875,0.0,-21.304301023483276,179.56406170424475,12.608743776394597,0.5324819087982178,25.90474009513855,-2173.4092370427525,26.43386960029602,5.21712064743042,-1640.5859375,-0.9857065677642822,263.1171875
125,124,0.3359375,0.4609375,0.0,0.0,0.004663742147386074,0.07813021540641785,6469.7421875,6221.828125,7168.0,7168.0,75.90293550491333,143.12142658233643,1363.7927744349129,695.5579774264634,94.43640028304311,50.08334650630607,22.44672131538391,24.18750762939453,117.79836964607239,92.77471923828125,7175.370954110502,8768.70344291296,140.4806101322174,117.19969010353088,236.54250240325928,280.61132884025574,0.0,2052.5078125,0.0,1.3073701858520508,6469.7421875,6221.828125,-0.125,0.0,-0.07346647325903177,247.9140625,0.0,-67.2184910774231,668.2347970084495,44.35305377673704,-1.7407863140106201,25.023650407791138,-1593.332488802458,23.280920028686523,-44.06882643699646,-2052.5078125,-1.3073701858520508,247.9140625
126,125,0.59375,0.7421875,0.0,0.0,0.006263937801122665,0.09237298369407654,5540.0703125,4940.1328125,7168.0,7168.0,78.97179651260376,120.83701825141907,1122.4402750652005,654.1217761227881,90.76658144475667,59.31957030821407,20.20163607597351,19.563694953918457,103.53171038627625,75.01809334754944,7084.756904559257,8753.954822039637,123.96575212478638,94.81629705429077,223.03588557243347,235.66773390769958,0.0,1853.2890625,0.0,1.125150442123413,5540.0703125,4940.1328125,-0.1484375,0.0,-0.08610904589295387,599.9375,0.0,-41.86522173881531,468.31849894241236,31.4470111365426,0.6379411220550537,28.513617038726807,-1669.19791748038,29.149455070495605,-12.631848335266113,-1853.2890625,-1.125150442123413,599.9375
127,126,0.359375,0.5078125,0.0,0.0,0.004869729280471802,0.07827115058898926,6170.765625,5799.1875,7168.0,7168.0,82.13327503204346,132.9409520626068,1202.0980529691606,697.9564879022619,87.27278922219378,53.91867508684851,22.261507272720337,22.13596796989441,114.6684877872467,85.70926403999329,7053.81239090483,8882.213708482797,137.16374897956848,108.07984495162964,239.5765664577484,261.13457322120667,0.0,1955.9765625,0.0,1.2440245151519775,6170.765625,5799.1875,-0.1484375,0.0,-0.07340142130851746,371.578125,0.0,-50.807677030563354,504.1415650668987,33.35411413534527,0.12553930282592773,28.959223747253418,-1828.4013175779673,29.083904027938843,-21.558006763458252,-1955.9765625,-1.2440245151519775,371.578125
128,127,0.4296875,0.515625,0.0,0.0,0.004756408743560314,0.08267960697412491,5884.234375,5455.8515625,7168.0,7168.0,72.17803049087524,129.5961515903473,1304.3823634381679,673.5819229874561,99.3099971175603,55.310284387595146,20.433533191680908,20.452435970306396,107.25325870513916,78.67826771736145,7209.235498622203,9130.61536357999,127.91927981376648,99.36478185653687,220.225515127182,248.85659742355347,0.0,1986.5234375,0.0,1.120634913444519,5884.234375,5455.8515625,-0.0859375,0.0,-0.0779231982305646,428.3828125,0.0,-57.418121099472046,630.8004404507118,43.999712729965154,-0.01890277862548828,28.57499098777771,-1921.3798649577866,28.554497957229614,-28.63108229637146,-1986.5234375,-1.120634913444519,428.3828125
129,128,0.765625,0.8125,0.0,0.0,0.005897243972867727,0.0777820497751236,4612.875,4217.5234375,7168.0,7168.0,95.55702638626099,109.89947056770325,772.3764833541502,614.019109022267,75.01279886028979,65.22324414278388,17.77504253387451,16.29570746421814,88.52249574661255,62.55459141731262,6885.30067819878,8934.579977854655,106.52857780456543,79.08116030693054,222.09120178222656,209.07893896102905,0.0,1313.25,0.0,1.0015547275543213,4612.875,4217.5234375,-0.046875,0.0,-0.07188480580225587,395.3515625,0.0,-14.34244418144226,158.3573743318832,9.789554717505908,1.479335069656372,25.967904329299927,-2049.2792996558755,27.447417497634888,13.01226282119751,-1313.25,-1.0015547275543213,395.3515625
130,129,0.421875,0.4765625,0.0,0.0,0.004681185819208622,0.08066342025995255,6383.4765625,6101.03125,7168.0,7168.0,73.50231766700745,138.49942541122437,1389.556523410758,704.8151984036239,97.52073441375929,51.75472734790917,22.114240169525146,22.95432186126709,116.32373332977295,88.02919840812683,7169.070112595463,9062.674821838991,138.67279982566833,111.22865271568298,232.45295238494873,269.6622202396393,0.0,2025.03125,0.0,1.2909252643585205,6383.4765625,6101.03125,-0.0546875,0.0,-0.07598223444074392,282.4453125,0.0,-64.99710774421692,684.7413250071342,45.76600706585012,-0.8400816917419434,28.294534921646118,-1893.6047092435283,27.44414710998535,-37.20926785469055,-2025.03125,-1.2909252643585205,282.4453125
131,130,0.5078125,0.59375,0.0,0.0,0.005255087278783321,0.08328816294670105,5640.6953125,5083.1796875,7168.0,7168.0,81.07238936424255,120.80159544944763,1113.2165427432903,673.259940793041,88.41481121020824,59.33696465954064,20.733874559402466,19.87248969078064,105.7122004032135,76.59913563728333,6997.650197218986,8725.620654062313,126.67755603790283,96.70333313941956,227.91082644462585,237.39089608192444,0.0,1841.9453125,0.0,1.1693823337554932,5640.6953125,5083.1796875,-0.0859375,0.0,-0.07803307566791773,557.515625,0.0,-39.72920608520508,439.95660195024936,29.0778465506676,0.8613848686218262,29.113064765930176,-1727.9704568433272,29.974222898483276,-9.480069637298584,-1841.9453125,-1.1693823337554932,557.515625
132,131,0.625,0.6953125,0.0,0.0,0.005158852320164442,0.07806266844272614,5745.03125,5532.359375,7168.0,7168.0,82.68296098709106,127.0871090888977,1111.722402084163,696.5124207686686,86.6925895544441,56.402258666423585,20.89279270172119,22.002830266952515,106.69609045982361,84.38228273391724,7075.535727190206,8623.966743050658,127.82179284095764,106.62176871299744,230.79511952400208,257.2693314552307,0.0,1738.671875,0.0,1.278160810470581,5745.03125,5532.359375,-0.0703125,0.0,-0.0729038161225617,212.671875,0.0,-44.40414810180664,415.20998131549436,30.290330888020513,-1.1100375652313232,22.313807725906372,-1548.4310158604521,21.200024127960205,-26.474211931228638,-1738.671875,-1.278160810470581,212.671875
133,132,0.671875,0.7421875,0.0,0.0,0.005110069178044796,0.09850157052278519,5215.2421875,4544.7890625,7168.0,7168.0,90.37609124183655,113.92680096626282,923.2959055145825,638.2749658838713,79.31301189845902,62.91759216624245,19.96185851097107,17.473338842391968,99.4376962184906,67.12414216995239,6889.61054060107,8927.771448947591,119.63164186477661,84.82887506484985,230.51304030418396,218.6557011604309,0.0,1655.703125,0.0,1.0348765850067139,5215.2421875,4544.7890625,-0.0703125,0.0,-0.09339150134474039,670.453125,0.0,-23.55070972442627,285.02093963071115,16.395419732216574,2.4885196685791016,32.31355404853821,-2038.160908346521,34.80276679992676,11.857339143753052,-1655.703125,-1.0348765850067139,670.453125
134,133,0.5703125,0.6171875,0.0,0.0,0.006342677399516106,0.07979446649551392,4611.265625,4254.0,7168.0,7168.0,102.39644837379456,112.01653742790222,720.5352448423587,607.6245665405287,70.00242795368716,63.990551436332126,16.914050102233887,15.416209697723389,85.9440426826477,59.69638705253601,7061.362033444709,9400.099867118528,103.08779406547546,75.34503030776978,225.47550654411316,207.1798243522644,0.0,1345.296875,0.0,0.8975697755813599,4611.265625,4254.0,-0.046875,0.0,-0.07345178909599781,357.265625,0.0,-9.620089054107666,112.91067830182999,6.011876517355034,1.497840404510498,26.247655630111694,-2338.7378336738193,27.74276375770569,18.295682191848755,-1345.296875,-0.8975697755813599,357.265625
135,134,0.453125,0.4296875,0.0,0.0,0.004833338316529989,0.10322726517915726,5729.7578125,5378.984375,7168.0,7168.0,71.32682037353516,132.80798435211182,1285.2966740967354,648.0314449455122,100.49515683527635,53.97265860910583,20.28565788269043,20.485159873962402,104.87684178352356,78.562992811203,7210.447865706064,9054.00844019995,125.39629936218262,99.28219485282898,216.8814356327057,252.44005918502808,0.0,2038.796875,0.0,1.2478289604187012,5729.7578125,5378.984375,0.0234375,0.0,-0.09839392686262727,350.7734375,0.0,-61.48116397857666,637.2652291512231,46.52249822617052,-0.19950199127197266,26.313848972320557,-1843.5605744938866,26.114104509353638,-35.55862355232239,-2038.796875,-1.2478289604187012,350.7734375
136,135,0.75,0.7578125,0.0,0.0,0.005694401916116476,0.07593520730733871,5346.1484375,5031.0234375,7168.0,7168.0,87.37766671180725,121.01380157470703,978.9500935304935,665.1834249691439,82.03469227030064,59.23291316135445,20.58405303955078,19.877583742141724,102.42954277992249,76.42735505104065,6858.206928730875,8663.743492860598,123.24648380279541,96.5377950668335,230.67497873306274,237.5981011390686,0.0,1519.3828125,0.0,1.417217493057251,5346.1484375,5031.0234375,-0.0078125,0.0,-0.07024080539122224,315.125,0.0,-33.63613486289978,313.76666856134966,22.801779108946185,0.7064692974090576,26.002187728881836,-1805.536564129723,26.708688735961914,-6.923122406005859,-1519.3828125,-1.417217493057251,315.125
137,136,0.328125,0.421875,0.0,0.0,0.004218222573399544,0.09620165079832077,6277.1640625,5976.28125,7168.0,7168.0,76.23289632797241,138.0221655368805,1317.4709323374764,692.790897955079,94.02764876152055,51.93368740533679,22.224551916122437,22.07953715324402,115.3943350315094,85.21946597099304,7129.266785716656,9201.700469079604,137.85260891914368,107.53670740127563,234.15970945358276,265.40975284576416,0.0,1952.640625,0.0,1.2984943389892578,6277.1640625,5976.28125,-0.09375,0.0,-0.09198342822492123,300.8828125,0.0,-61.78926920890808,624.6800343823974,42.09396135618376,0.14501476287841797,30.174869060516357,-2072.4336833629477,30.315901517868042,-31.250043392181396,-1952.640625,-1.2984943389892578,300.8828125
138,137,0.8359375,0.9140625,0.0,0.0,0.005951998755335808,0.07409875094890594,5147.8984375,4431.765625,7168.0,7168.0,86.94544792175293,111.31993770599365,947.3339544368798,636.9770901891385,82.44249896154292,64.39098105616405,20.55040740966797,17.491096019744873,100.90635991096497,67.68025588989258,6729.119954372821,8678.247330440645,121.68774580955505,85.4098961353302,228.62155270576477,217.3167634010315,0.0,1295.1171875,0.0,1.0313926935195923,5147.8984375,4431.765625,-0.078125,0.0,-0.06814675219357014,716.1328125,0.0,-24.374489784240723,310.3568642477413,18.051517905378873,3.0593113899230957,33.22610402107239,-1949.1273760678241,36.27784967422485,11.304789304733276,-1295.1171875,-1.0313926935195923,716.1328125
139,138,0.4609375,0.5390625,0.0,0.0,0.005353535525500774,0.08476299047470093,6137.015625,5754.8828125,7168.0,7168.0,72.97232794761658,134.20034265518188,1345.6093941594904,686.1243658415099,98.22901641764221,53.412680311984445,21.422632694244385,21.54769468307495,111.71978092193604,83.4072949886322,7198.027004384358,9054.951369696559,133.3786268234253,105.18949174880981,226.56150460243225,259.4150538444519,0.0,1832.2265625,0.0,1.2844314575195312,6137.015625,5754.8828125,-0.078125,0.0,-0.07940945494920015,382.1328125,0.0,-61.22801470756531,659.4850283179806,44.81633610565777,-0.1250619888305664,28.312485933303833,-1856.9243653122003,28.18913507461548,-32.85354924201965,-1832.2265625,-1.2844314575195312,382.1328125
140,139,0.4296875,0.4921875,0.0,0.0,0.005276798270642757,0.08921639621257782,5566.1953125,5162.03125,7168.0,7168.0,70.62432599067688,128.37253999710083,1261.0261938890108,643.3813649076762,101.49477392458581,55.83748674102641,19.840506076812744,18.910818338394165,102.65329074859619,73.39111733436584,7160.033493714875,9309.955002961313,122.72747254371643,92.53623104095459,213.36836791038513,241.0462212562561,0.0,1745.5703125,0.0,1.122989535331726,5566.1953125,5162.03125,-0.0625,0.0,-0.08393959794193506,404.1640625,0.0,-57.74821400642395,617.6448289813345,45.657287183559404,0.9296877384185791,29.262173414230347,-2149.9215092464383,30.19124150276184,-27.67785334587097,-1745.5703125,-1.122989535331726,404.1640625
141,140,0.3984375,0.484375,0.0,0.0,0.004780725575983524,0.08022038638591766,6181.25,5905.6484375,7168.0,7168.0,74.62091779708862,136.40001845359802,1325.3656336542492,692.744591029104,96.05885603674072,52.55131253841058,22.618371725082397,21.54559302330017,112.45236539840698,85.14542627334595,7225.388253251543,9128.323552046233,135.3031566143036,106.92821669578552,230.17918491363525,263.40882420539856,0.0,1806.0859375,0.0,1.3218774795532227,6181.25,5905.6484375,-0.0859375,0.0,-0.07543966080993414,275.6015625,0.0,-61.7791006565094,632.6210426251453,43.50754349833014,1.0727787017822266,27.306939125061035,-1902.9352987946904,28.374939918518066,-33.229639291763306,-1806.0859375,-1.3218774795532227,275.6015625
142,141,0.453125,0.4921875,0.0,0.0,0.005041320808231831,0.1029646247625351,5901.7890625,5444.2734375,7168.0,7168.0,75.68108010292053,133.05736255645752,1247.7177237902026,654.6678314252553,94.71323599309184,53.871502202356886,20.635672330856323,19.988988399505615,107.57447385787964,77.07958626747131,7199.226472844819,9287.68607444013,128.4440860748291,97.30146670341492,224.1645221710205,250.36524200439453,0.0,1829.8515625,0.0,1.1916933059692383,5901.7890625,5444.2734375,-0.0390625,0.0,-0.09792330395430326,457.515625,0.0,-57.37628245353699,593.0498923649474,40.841733790734956,0.646683931350708,30.494887590408325,-2088.4596015953102,31.142619371414185,-26.200719833374023,-1829.8515625,-1.1916933059692383,457.515625
143,142,0.484375,0.53125,0.0,0.0,0.00447797728702426,0.07975813001394272,6141.4140625,5777.6640625,7168.0,7168.0,80.22330284118652,134.11858892440796,1224.8638677283693,689.2603459472914,89.35059697292792,53.445238706172454,23.002623319625854,23.29643440246582,116.31926441192627,89.10913705825806,7003.93872088886,8620.137343466895,139.55543613433838,112.64115977287292,240.1136496067047,266.8887372016907,0.0,1732.5625,0.0,1.4024378061294556,6141.4140625,5777.6640625,-0.046875,0.0,-0.07528015272691846,363.75,0.0,-53.895286083221436,535.6035217810779,35.905358266755464,-0.2938110828399658,27.210127353668213,-1616.1986225780347,26.914276361465454,-26.775087594985962,-1732.5625,-1.4024378061294556,363.75
144,143,0.5078125,0.515625,0.0,0.0,0.0055483621545135975,0.10059496760368347,5711.8828125,5258.265625,7168.0,7168.0,88.04528188705444,126.55463075637817,1037.9900324157786,664.7899764486481,81.41265319810319,56.63957104658332,22.767038345336914,19.455571174621582,109.64467239379883,75.04383897781372,6842.621566740459,9223.861804360024,132.64175295829773,94.73381328582764,240.65274381637573,241.16183161735535,0.0,1810.3046875,0.0,1.204777479171753,5711.8828125,5258.265625,-0.0078125,0.0,-0.09504660544916987,453.6171875,0.0,-38.50934886932373,373.20005596713054,24.773082151519866,3.311467170715332,34.60083341598511,-2381.240237619565,37.90793967247009,-0.5090878009796143,-1810.3046875,-1.204777479171753,453.6171875
145,144,0.7265625,0.734375,0.0,0.0,0.00737136323004961,0.08143479377031326,4413.7109375,4153.203125,7168.0,7168.0,108.97623443603516,110.45659112930298,648.025465051748,601.6051131091912,65.77580916697337,64.89427137588356,16.246091842651367,14.892272472381592,82.51703977584839,57.083441495895386,7078.235011660595,9647.806536674922,98.99399662017822,72.20702362060547,228.0984182357788,202.85553550720215,0.0,1186.4296875,0.0,0.8659325838088989,4413.7109375,4153.203125,-0.0078125,0.0,-0.07406343054026365,260.5078125,0.0,-1.4803566932678223,46.42035194255686,0.8815377910898121,1.3538193702697754,25.433598279953003,-2569.5715250143267,26.786972999572754,25.24288272857666,-1186.4296875,-0.8659325838088989,260.5078125
146,145,0.71875,0.6875,0.0,0.0,0.007275203708559275,0.07623441517353058,4579.859375,4286.5234375,7168.0,7168.0,95.50727128982544,110.57497644424438,767.2478651141864,620.2522234728447,75.05187723611176,64.82479337098793,17.216740131378174,15.73029899597168,86.76715040206909,60.390535831451416,6940.299378388251,9349.859083481317,104.21326518058777,76.35331559181213,219.89133405685425,207.00306630134583,0.0,1219.84375,0.0,0.9748073220252991,4579.859375,4286.5234375,0.03125,0.0,-0.0689592114649713,293.3359375,0.0,-15.067705154418945,146.99564164134176,10.22708386512383,1.4864411354064941,26.376614570617676,-2409.5597050930655,27.859949588775635,12.888267755508423,-1219.84375,-0.9748073220252991,293.3359375
147,146,0.6875,0.625,0.0,0.0,0.006282266229391098,0.11164486408233643,5195.1953125,4941.78125,7168.0,7168.0,99.61715960502625,120.1426842212677,834.4257689094558,658.1216368895083,71.9554746232529,59.662392649715066,19.45773983001709,19.37446689605713,98.26133561134338,73.98255109786987,6971.216050933902,8820.512273721646,117.94897317886353,93.5908670425415,237.9932746887207,233.86782908439636,0.0,1843.109375,0.0,1.2461260557174683,5195.1953125,4941.78125,0.0625,0.0,-0.10536259785294533,253.4140625,0.0,-20.525524616241455,176.30413201994747,12.29308197353783,0.08327293395996094,24.27878451347351,-1849.2962227877442,24.35810613632202,4.125445604324341,-1843.109375,-1.2461260557174683,253.4140625
148,147,0.6328125,0.671875,0.0,0.0,0.006139333359897137,0.0957472026348114,5393.59375,5032.5546875,7168.0,7168.0,87.28847980499268,121.72193670272827,988.6470722458843,661.5149017604746,82.1185111255656,58.888317045972016,19.567003965377808,19.133076190948486,100.04075264930725,73.42068815231323,7067.159945091595,9000.065466958999,119.83912634849548,92.78792476654053,227.367516040802,234.61328220367432,0.0,1752.671875,0.0,1.1437468528747559,5393.59375,5032.5546875,-0.0390625,0.0,-0.08960786927491426,361.0390625,0.0,-34.433456897735596,327.1321704854097,23.230194079593588,0.4339277744293213,26.62006449699402,-1932.9055218674039,27.051201581954956,-7.2457661628723145,-1752.671875,-1.1437468528747559,361.0390625
149,148,0.4375,0.5234375,0.0,0.0,0.005077664740383625,0.09818699210882187,6158.015625,5750.7265625,7168.0,7168.0,75.10468602180481,133.1461889743805,1311.8788616118404,691.057143345684,95.44011671813588,53.835562663977115,21.939968585968018,22.803693532943726,113.96531319618225,87.41255187988281,7109.549188929377,8672.770485430385,136.13680958747864,110.45222735404968,231.3485701084137,263.4377279281616,0.0,1879.78125,0.0,1.4533660411834717,6158.015625,5750.7265625,-0.0859375,0.0,-0.09310932736843824,407.2890625,0.0,-58.041502952575684,620.8217182661564,41.60455405415877,-0.863724946975708,26.55276131629944,-1563.2212965010076,25.684582233428955,-32.089157819747925,-1879.78125,-1.4533660411834717,407.2890625
150,149,0.7734375,0.828125,0.0,0.0,0.0062384032644331455,0.08007346838712692,4355.171875,4040.390625,7168.0,7168.0,91.83850574493408,107.39971899986267,758.7530898371981,601.9219659232317,78.05005037764778,66.74132918363749,16.52606225013733,14.819783449172974,82.8162624835968,58.34015464782715,6937.647060730368,9157.637706397445,99.57059144973755,73.39154243469238,211.6320559978485,200.7787160873413,0.0,1121.1171875,0.0,0.9179511070251465,4355.171875,4040.390625,-0.0546875,0.0,-0.07383506512269378,314.78125,0.0,-15.561213254928589,156.8311239139664,11.308721194010289,1.7062788009643555,24.476107835769653,-2219.990645667077,26.179049015045166,10.853339910507202,-1121.1171875,-0.9179511070251465,314.78125
151,150,0.8828125,0.875,0.0,0.0,0.007502119988203049,0.08231836557388306,3733.890625,3559.25,7168.0,7168.0,88.98360872268677,100.75278449058533,671.3848860207942,565.2250733112137,80.55416163597877,71.14443572197055,15.613138914108276,13.43297791481018,75.00430226325989,51.76145315170288,6669.510746786035,9232.507414337886,90.84495854377747,65.4232292175293,199.75356698036194,186.46449184417725,0.0,1220.4765625,0.0,0.7871733903884888,3733.890625,3559.25,0.0078125,0.0,-0.07481624558568001,174.640625,0.0,-11.76917576789856,106.15981270958048,9.40972591400822,2.1801609992980957,23.242849111557007,-2562.996667551851,25.42172932624817,13.289075136184692,-1220.4765625,-0.7871733903884888,174.640625
152,151,0.6875,0.7265625,0.0,0.0,0.0059100184589624405,0.08873619139194489,5354.8203125,4992.609375,7168.0,7168.0,89.68351411819458,122.34434795379639,955.3274739779429,652.9255444654257,79.9255032597545,58.588730251004414,20.22316336631775,18.78895926475525,101.75820875167847,71.96219205856323,6909.64403388638,9126.320102443979,122.2113356590271,90.98433828353882,231.85794615745544,233.15596652030945,0.0,1504.5234375,0.0,1.2065268754959106,5354.8203125,4992.609375,-0.0390625,0.0,-0.08282617293298244,362.2109375,0.0,-32.66083383560181,302.4019295125172,21.336773008750093,1.4342041015625,29.796016693115234,-2216.6760685575982,31.22699737548828,-1.298020362854004,-1504.5234375,-1.2065268754959106,362.2109375
153,152,0.8046875,0.78125,0.0,0.0,0.006254359148442745,0.08744889497756958,4803.5859375,4387.203125,7168.0,7168.0,87.42914175987244,112.28371977806091,879.0818879486635,625.1596414756062,81.98639327476407,63.838284073311875,18.325032711029053,16.306845664978027,91.34886431694031,62.51698684692383,6942.472736165067,9291.714609060416,109.9041793346405,79.05391931533813,217.354745388031,213.09977269172668,0.0,1431.640625,0.0,1.0314526557922363,4803.5859375,4387.203125,0.0234375,0.0,-0.08119453582912683,416.3828125,0.0,-24.854578018188477,253.92224647305727,18.148109201452193,2.0181870460510254,28.83187747001648,-2349.24187289535,30.850260019302368,4.254972696304321,-1431.640625,-1.0314526557922363,416.3828125
154,153,0.6171875,0.6640625,0.0,0.0,0.005628013052046299,0.07898208498954773,5552.3046875,5293.6484375,7168.0,7168.0,92.1932966709137,124.40653252601624,963.5936473462433,680.8193531339493,77.74968743754069,57.61755314979949,20.482747077941895,19.877278327941895,103.93482780456543,76.47408127784729,7024.931059422299,9114.552124759059,124.65035223960876,96.58385109901428,236.99006724357605,241.02419209480286,0.0,1478.890625,0.0,1.0990629196166992,5552.3046875,5293.6484375,-0.046875,0.0,-0.07335407193750143,258.65625,0.0,-32.21323585510254,282.77429421229397,20.132134287741195,0.60546875,27.46074652671814,-2089.62106533676,28.066501140594482,-4.034124851226807,-1478.890625,-1.0990629196166992,258.65625
155,154,0.3671875,0.375,0.0,0.0,0.005701000802218914,0.08769209682941437,5594.09375,5412.3359375,7168.0,7168.0,71.57802367210388,131.31523537635803,1250.460621964378,659.461750586718,100.14246876717813,54.58620227467166,19.83438205718994,20.198233604431152,102.72650384902954,77.28265857696533,7142.343723468706,9192.786752961845,122.79372882843018,97.71449327468872,214.64751148223877,248.95665049552917,0.0,1516.625,0.0,1.2124712467193604,5594.09375,5412.3359375,-0.0078125,0.0,-0.08199109602719545,181.7578125,0.0,-59.73721170425415,590.9988713776601,45.55626649250647,-0.36385154724121094,25.44384527206421,-2050.443029493139,25.079235553741455,-34.309139013290405,-1516.625,-1.2124712467193604,181.7578125
156,155,0.3671875,0.390625,0.0,0.0,0.005012281704694033,0.10173424333333969,5952.875,5609.7578125,7168.0,7168.0,72.26680755615234,132.1189570426941,1317.977135298145,679.3584131230722,99.18799850720349,54.25413703261122,21.314120054244995,21.086573362350464,110.34638714790344,81.44296503067017,7046.030414732726,9007.346426100072,131.89385986328125,102.76483869552612,224.297123670578,254.8620262145996,0.0,1919.953125,0.0,1.3119258880615234,5952.875,5609.7578125,-0.0234375,0.0,-0.09672196162864566,343.1171875,0.0,-59.85214948654175,638.6187221750728,44.93386147459227,0.22754669189453125,28.903422117233276,-1961.3160113673457,29.129021167755127,-30.564902544021606,-1919.953125,-1.3119258880615234,343.1171875
157,156,0.3203125,0.34375,0.0,0.0,0.004776536487042904,0.09939177334308624,6677.7578125,6122.84375,7168.0,7168.0,78.67833352088928,139.29703617095947,1357.9866301010638,703.2848845381519,91.10513249618943,51.45838129106137,23.62806463241577,24.64979386329651,122.72823548316956,95.44939994812012,7109.309414944313,8396.95168786428,146.59108901023865,120.33655166625977,245.44176626205444,279.54559540748596,0.0,1971.640625,0.0,1.5118088722229004,6677.7578125,6122.84375,-0.0234375,0.0,-0.09461523685604334,554.9140625,0.0,-60.61870265007019,654.7017455629119,39.646751205128055,-1.0217292308807373,27.27883553504944,-1287.6422729199676,26.254537343978882,-34.10382914543152,-1971.640625,-1.5118088722229004,554.9140625
158,157,0.484375,0.515625,0.0,0.0,0.005132999271154404,0.09950485825538635,5461.4296875,5112.921875,7168.0,7168.0,93.46647500991821,125.39221739768982,934.9114213489634,652.4069172534402,76.69059948221398,57.164632293455725,19.749046325683594,18.688716173171997,100.8894202709198,72.41037106513977,7108.525334709623,9288.255122943165,120.86946058273315,91.33299827575684,234.50493335723877,236.65158677101135,0.0,1694.3125,0.0,1.591546893119812,5461.4296875,5112.921875,-0.03125,0.0,-0.09437185898423195,348.5078125,0.0,-31.925742387771606,282.5045040955232,19.52596718875826,1.0603301525115967,28.47904920578003,-2179.7297882335415,29.53646230697632,-2.146653413772583,-1694.3125,-1.591546893119812,348.5078125
159,158,0.5625,0.6328125,0.0,0.0,0.007353040389716625,0.09238594770431519,5221.25,4839.6640625,7168.0,7168.0,94.15075039863586,121.16070413589478,887.3004160486266,639.1067595080062,76.1332221957931,59.161095597136146,19.867631673812866,17.8976628780365,97.51997375488281,69.55385756492615,7023.46374417175,9145.21526582816,117.61779761314392,87.68497037887573,231.9200189113617,228.79486083984375,0.0,1561.5859375,0.0,1.0840492248535156,5221.25,4839.6640625,-0.0703125,0.0,-0.08503290731459856,381.5859375,0.0,-27.00995373725891,248.1936565406204,16.97212659865695,1.9699687957763672,27.966116189956665,-2121.7515216564097,29.93282723426819,3.1251580715179443,-1561.5859375,-1.0840492248535156,381.5859375
160,159,0.4453125,0.4453125,0.0,0.0,0.0048034656792879105,0.07856027781963348,5830.53125,5589.4296875,7168.0,7168.0,71.33686137199402,132.13656997680664,1307.7180325265042,676.806390658524,100.48101166971259,54.24690531363246,20.72514033317566,20.9065420627594,107.84582018852234,80.8251736164093,7103.36291810714,9096.26255168027,128.80459117889404,101.96842956542969,220.45350980758667,254.12358212471008,0.0,1532.578125,0.0,1.3107150793075562,5830.53125,5589.4296875,0.0,0.0,-0.07375681214034557,241.1015625,0.0,-60.79970860481262,630.9116418679802,46.234106356080126,-0.18140172958374023,27.020646572113037,-1992.899633573129,26.836161613464355,-33.67007231712341,-1532.578125,-1.3107150793075562,241.1015625
161,160,0.6171875,0.703125,0.0,0.0,0.005742167588323355,0.08357317745685577,5556.453125,5092.859375,7168.0,7168.0,94.05539727210999,121.65843796730042,945.222204981981,669.7911904959843,76.21040586604921,58.91905337405884,20.673632621765137,19.396034240722656,105.11107730865479,74.99265789985657,6960.65551541785,8964.904283000295,126.01545476913452,94.62386536598206,240.16348218917847,236.31707191467285,0.0,1468.6875,0.0,1.1496686935424805,5556.453125,5092.859375,-0.0859375,0.0,-0.07783100986853242,463.59375,0.0,-27.60304069519043,275.4310144859967,17.291352491990374,1.2775983810424805,30.118419408798218,-2004.248767582444,31.391589403152466,3.8464102745056152,-1468.6875,-1.1496686935424805,463.59375
162,161,0.6328125,0.71875,0.0,0.0,0.0067531997337937355,0.09612417221069336,5018.9609375,4303.453125,7168.0,7168.0,93.10859608650208,110.80879545211792,862.4700443919759,621.3879477622636,76.98537300831607,64.68800577385029,18.45706605911255,16.12797498703003,94.8957142829895,63.11560082435608,6969.956493794603,9028.417579130502,113.58271908760071,79.47714972496033,226.75879883766174,210.3507137298584,0.0,1463.3359375,0.0,1.0113106966018677,5018.9609375,4303.453125,-0.0859375,0.0,-0.08937097247689962,715.5078125,0.0,-17.700199365615845,241.08209662971228,12.297367234465781,2.3290910720825195,31.780113458633423,-2058.461085335899,34.10556936264038,16.408085107803345,-1463.3359375,-1.0113106966018677,715.5078125
163,162,0.7421875,0.7734375,0.0,0.0,0.005908493883907795,0.09060955792665482,4709.515625,4097.953125,7168.0,7168.0,95.84719443321228,108.9345543384552,786.1706380201514,601.8957932878234,74.78570491695265,65.80097604043358,17.966858625411987,15.438594579696655,90.39588236808777,59.45525026321411,6968.658123551714,9278.541382935182,108.59301614761353,75.1269416809082,224.74041271209717,204.02146744728088,0.0,1339.2265625,0.0,0.8713599443435669,4709.515625,4097.953125,-0.03125,0.0,-0.08470106404274702,611.5625,0.0,-13.08735990524292,184.274844732328,8.984728876519071,2.528264045715332,30.940632104873657,-2309.8832593834677,33.46607446670532,20.718945264816284,-1339.2265625,-0.8713599443435669,611.5625
164,163,0.515625,0.609375,0.0,0.0,0.005700146779417992,0.08820351958274841,5266.65625,4890.3203125,7168.0,7168.0,80.43529176712036,122.07605242729187,1047.6309359823288,640.953925395012,89.11511157009407,58.717495016225556,19.188703775405884,18.197428226470947,98.61771512031555,70.30926775932312,7033.74641314424,9180.596250974442,118.0411446094513,88.74155497550964,218.7783088684082,230.8436713218689,0.0,1540.53125,0.0,1.0596423149108887,5266.65625,4890.3203125,-0.09375,0.0,-0.08250337280333042,376.3359375,0.0,-41.64076066017151,406.6770105873168,30.397616553868517,0.9912755489349365,28.30844736099243,-2146.849837830202,29.29958963394165,-12.065362453460693,-1540.53125,-1.0596423149108887,376.3359375
165,164,0.7109375,0.7890625,0.0,0.0,0.006104565225541592,0.08450207859277725,5653.28125,4922.3671875,7168.0,7168.0,89.65393853187561,118.90577721595764,1008.9071543448197,662.3553274199563,79.95186957069917,60.28302549994203,21.162323713302612,18.45285415649414,106.72725009918213,71.37631058692932,6940.945253546609,9067.86852217216,128.12253856658936,90.06270456314087,237.96326208114624,229.16686987876892,0.0,1467.5390625,0.0,1.1262708902359009,5653.28125,4922.3671875,-0.078125,0.0,-0.07839751336723566,730.9140625,0.0,-29.25183868408203,346.55182692486335,19.668844070757146,2.7094695568084717,35.35093951225281,-2126.923268625552,38.059834003448486,8.79639220237732,-1467.5390625,-1.1262708902359009,730.9140625
166,165,0.59375,0.6171875,0.0,0.0,0.0064134253188967705,0.10261388123035431,5082.5546875,4637.296875,7168.0,7168.0,92.43616199493408,116.511070728302,879.7517469889841,636.8214585635653,77.54540912670994,61.52205069607006,18.64592719078064,17.231587409973145,95.12589144706726,67.19580078125,7045.221756191613,9125.421423225329,114.00452470779419,84.66015362739563,226.56932711601257,221.02718257904053,0.0,1597.0859375,0.0,1.037354588508606,5082.5546875,4637.296875,-0.0234375,0.0,-0.09620045591145754,445.2578125,0.0,-24.07490873336792,242.93028842541878,16.02335843063988,1.4143397808074951,27.93009066581726,-2080.1996670337157,29.34437108039856,5.542144536972046,-1597.0859375,-1.037354588508606,445.2578125
167,166,0.84375,0.8984375,0.0,0.0,0.007827508263289928,0.1060924082994461,4514.359375,3935.3671875,7168.0,7168.0,87.42146944999695,105.53861927986145,826.2243869203519,596.6145419529375,81.99358858981351,67.91826583397207,17.3159499168396,15.217621326446533,85.59282064437866,57.71514582633972,6913.6406014546255,8968.997523761936,103.13905715942383,73.16320896148682,211.10106110572815,198.79732584953308,0.0,1404.2109375,0.0,0.9659345149993896,4514.359375,3935.3671875,-0.0546875,0.0,-0.09826490003615618,578.9921875,0.0,-18.117149829864502,229.60984496741435,14.07532275584144,2.0983285903930664,27.87767481803894,-2055.356922307311,29.97584819793701,12.303735256195068,-1404.2109375,-0.9659345149993896,578.9921875
168,167,0.8046875,0.8515625,0.0,0.0,0.006905543152242899,0.07729309797286987,4515.3515625,4215.890625,7168.0,7168.0,92.97843718528748,108.71351194381714,777.0148346979513,620.4771494720931,77.09314349643893,65.9347662662614,17.255820751190186,15.785837888717651,86.09019660949707,60.18756723403931,6913.83018556539,9252.442416131636,103.57556986808777,76.21735978126526,216.66268944740295,206.56956458091736,0.0,1297.4453125,0.0,0.9473426342010498,4515.3515625,4215.890625,-0.046875,0.0,-0.07038755482062697,299.4609375,0.0,-15.735074758529663,156.53768522585824,11.158377230177521,1.4699828624725342,25.902629375457764,-2338.6122305662466,27.35821008682251,10.093124866485596,-1297.4453125,-0.9473426342010498,299.4609375
169,168,0.4609375,0.46875,0.0,0.0,0.005556054413318634,0.09081864356994629,5546.828125,5391.8984375,7168.0,7168.0,77.76638555526733,130.0097041130066,1141.2289431521453,663.5687358000011,92.17350078467793,55.134345923666245,20.527775287628174,20.56169366836548,105.12167644500732,78.77190351486206,6974.565330334605,9055.85580860581,125.8807475566864,99.56783628463745,223.72459030151367,249.40150260925293,0.0,1597.65625,0.0,1.2833220958709717,5546.828125,5391.8984375,-0.0078125,0.0,-0.08526258915662766,154.9296875,0.0,-52.24331855773926,477.6602073521442,37.03915486101168,-0.03391838073730469,26.349772930145264,-2081.290478271204,26.31291127204895,-25.676912307739258,-1597.65625,-1.2833220958709717,154.9296875
170,169,0.5,0.5703125,0.0,0.0,0.0056703053414821625,0.10147568583488464,5948.140625,5337.421875,7168.0,7168.0,81.43247437477112,127.11685180664062,1168.7014392072192,671.8129719724442,88.02385111142765,56.38906170287598,21.550392627716064,20.28438091278076,110.30896735191345,77.22998666763306,7117.481188045779,9153.827813572334,132.09586644172668,97.74755311012268,233.71852469444275,244.89916229248047,0.0,1866.0,0.0,1.2649002075195312,5948.140625,5337.421875,-0.0703125,0.0,-0.09580538049340248,610.71875,0.0,-45.68437743186951,496.888467234775,31.63478940855167,1.2660117149353027,33.078980684280396,-2036.3466255265548,34.348313331604004,-11.18063759803772,-1866.0,-1.2649002075195312,610.71875
171,170,0.6640625,0.640625,0.0,0.0,0.006801513023674488,0.09428280591964722,4778.8203125,4488.125,7168.0,7168.0,95.79051041603088,113.94930982589722,798.2118966473735,630.1924962048324,74.82995934428604,62.90516380443167,18.103414297103882,16.92394495010376,90.98714470863342,64.99991941452026,6960.554724824842,9170.965216102024,109.32164335250854,82.1548285484314,225.26324653625488,216.7079918384552,0.0,1449.4140625,0.0,1.076395034790039,4778.8203125,4488.125,0.0234375,0.0,-0.08748129289597273,290.6953125,0.0,-18.158799409866333,168.01940044254104,11.924795539854365,1.179469347000122,25.98722529411316,-2210.410491277182,27.16681480407715,8.555254697799683,-1449.4140625,-1.076395034790039,290.6953125
172,171,0.546875,0.578125,0.0,0.0,0.007133251056075096,0.09226879477500916,4911.5546875,4594.28125,7168.0,7168.0,103.94375228881836,115.5799310207367,756.0326933517263,635.997091803174,68.96037368444212,62.01768712523248,17.911362409591675,16.49495577812195,91.19301080703735,63.20783972740173,7071.3204256903055,9559.63694702968,109.33687973022461,79.9341025352478,233.47854661941528,215.44447922706604,0.0,1551.453125,0.0,1.090036392211914,4911.5546875,4594.28125,-0.03125,0.0,-0.08513554371893406,317.2734375,0.0,-11.636178731918335,120.03560154855222,6.9426865592096405,1.4164066314697266,27.98517107963562,-2488.316521339374,29.402777194976807,18.034067392349243,-1551.453125,-1.090036392211914,317.2734375
173,172,0.671875,0.6875,0.0,0.0,0.006058076396584511,0.08989371359348297,5361.4609375,5158.7734375,7168.0,7168.0,90.41470980644226,124.28674554824829,948.7767552828858,664.1124492873435,79.27913516888005,57.6730846751263,19.90228581428528,19.466882944107056,100.73955464363098,74.90255212783813,7043.3803535269,9126.5648576737,120.87479138374329,94.60198998451233,231.4064450263977,239.23202919960022,0.0,1572.140625,0.0,1.1827881336212158,5361.4609375,5158.7734375,-0.015625,0.0,-0.08383563719689846,202.6875,0.0,-33.87203574180603,284.66430599554235,21.60605049375375,0.43540287017822266,25.837002515792847,-2083.1845041468005,26.272801399230957,-7.825584173202515,-1572.140625,-1.1827881336212158,202.6875
174,173,0.8203125,0.8515625,0.0,0.0,0.005761880427598953,0.07521670311689377,4720.078125,4331.921875,7168.0,7168.0,86.34935355186462,110.47644352912903,874.6012204322889,627.3803517373821,83.01162319292446,64.88261000282864,18.24000096321106,16.91819405555725,91.11133456230164,67.22088289260864,6843.078339212176,8536.00808719953,109.58246159553528,84.3700499534607,215.57131266593933,214.82409954071045,0.0,1241.859375,0.0,0.9672491550445557,4720.078125,4331.921875,-0.03125,0.0,-0.06945482268929482,388.15625,0.0,-24.127089977264404,247.2208686949068,18.12901319009582,1.3218069076538086,23.890451669692993,-1692.9297479873549,25.212411642074585,0.7472131252288818,-1241.859375,-0.9672491550445557,388.15625
175,174,0.59375,0.609375,0.0,0.0,0.005803982261568308,0.07650230079889297,4824.015625,4693.984375,7168.0,7168.0,101.70473146438599,118.01141691207886,758.9052041991542,636.410882651752,70.4785303180317,60.73988591578661,17.90470266342163,17.121637105941772,90.85680556297302,65.97699642181396,6969.758578636063,9345.772518315665,108.99129343032837,83.33178448677063,230.8166480064392,221.45805096626282,0.0,1195.0625,0.0,1.1599977016448975,4824.015625,4693.984375,-0.015625,0.0,-0.07069831853732467,130.03125,0.0,-16.30668544769287,122.49432154740225,9.738644402245093,0.7830655574798584,24.879809141159058,-2376.013939679602,25.65950894355774,9.358597040176392,-1195.0625,-1.1599977016448975,130.03125
176,175,0.6484375,0.6015625,0.0,0.0,0.005933180917054415,0.09528617560863495,5273.09375,4910.703125,7168.0,7168.0,94.11801552772522,119.56982088088989,896.4224280222578,657.1160634109268,76.15970183613206,59.94823733273332,19.51999592781067,18.30510973930359,98.22197461128235,70.49502158164978,7043.596941906029,9155.965705357185,117.97272968292236,89.03493618965149,231.8062961101532,228.73211812973022,0.0,1537.4921875,0.0,1.0967929363250732,5273.09375,4910.703125,0.046875,0.0,-0.08935299469158053,362.390625,0.0,-25.451805353164673,239.306364611331,16.211464503398737,1.21488618850708,27.72695302963257,-2112.3687634511552,28.937793493270874,3.0741779804229736,-1537.4921875,-1.0967929363250732,362.390625
177,176,0.34375,0.328125,0.0,0.0,0.0054439580999314785,0.09182043373584747,5786.640625,5588.9765625,7168.0,7168.0,70.86213183403015,132.38761258125305,1306.5687921561691,675.4682198465974,101.15416816401378,54.14403855648225,21.553936004638672,20.441225290298462,107.80754470825195,78.5887839794159,7046.352850867346,9344.195988480264,129.59468054771423,99.2651526927948,220.04703950881958,251.67746472358704,0.0,1675.9375,0.0,1.3023254871368408,5786.640625,5588.9765625,0.015625,0.0,-0.086376475635916,197.6640625,0.0,-61.5254807472229,631.1005723095717,47.01012960753153,1.11271071434021,29.21876072883606,-2297.8431376129174,30.329527854919434,-31.630425214767456,-1675.9375,-1.3023254871368408,197.6640625
178,177,0.2421875,0.25,0.0,0.0,0.004558555781841278,0.1036556214094162,6568.875,6493.890625,7168.0,7168.0,78.8805480003357,148.1012146472931,1332.4197494108778,701.5624432753366,90.87157964431859,48.3993329634114,22.609651565551758,24.249671459197998,119.97082567214966,94.31101894378662,7182.679582074762,9035.14784956248,142.81506657600403,118.80502963066101,241.50240993499756,286.9455659389496,0.0,2078.0859375,0.0,1.4084525108337402,6568.875,6493.890625,-0.0078125,0.0,-0.09909706562757492,74.984375,0.0,-69.2206666469574,630.8573061355412,42.47224668090718,-1.6400198936462402,25.659806728363037,-1852.4682674877176,24.010036945343018,-45.443156003952026,-2078.0859375,-1.4084525108337402,74.984375
179,178,0.5859375,0.609375,0.0,0.0,0.007001928985118866,0.0974753275513649,5110.6953125,4830.421875,7168.0,7168.0,83.16172575950623,120.61547374725342,983.2783561571621,640.7697752110345,86.1934974837944,59.42852751231867,18.79154634475708,18.064552783966064,95.96241593360901,70.91940307617188,6989.830273386007,8952.218609596766,114.98618841171265,89.21872639656067,217.7766785621643,229.9150128364563,0.0,1578.515625,0.0,1.153435230255127,5110.6953125,4830.421875,-0.0234375,0.0,-0.09047339856624603,280.2734375,0.0,-37.45374798774719,342.5085809461276,26.764969971475736,0.7269935607910156,25.043012857437134,-1962.388336210759,25.767462015151978,-12.138334274291992,-1578.515625,-1.153435230255127,280.2734375
180,179,0.734375,0.703125,0.0,0.0,0.0068245758302509785,0.09525999426841736,4927.765625,4788.7734375,7168.0,7168.0,99.10103178024292,118.75850176811218,795.5946429986476,645.1780197565049,72.33022574270548,60.357784017823285,18.415006399154663,17.951902866363525,93.04705572128296,69.0290961265564,6986.250074878102,9159.311587114375,111.69261193275452,87.21474146842957,230.61319875717163,225.90705704689026,0.0,1573.5,0.0,1.1446653604507446,4927.765625,4788.7734375,0.03125,0.0,-0.08843541843816638,138.9921875,0.0,-19.657469987869263,150.4166232421427,11.972441724882195,0.4631035327911377,24.017959594726562,-2173.0615122362724,24.47787046432495,4.706141710281372,-1573.5,-1.1446653604507446,138.9921875
181,180,0.453125,0.53125,0.0,0.0,0.005283984821289778,0.08748387545347214,5665.5625,5372.515625,7168.0,7168.0,69.83294200897217,128.85311031341553,1298.0836463735607,667.1181610666192,102.6449665987014,55.62923535617366,20.08610773086548,19.88273286819458,104.5425591468811,76.83043599128723,7115.111836461976,9193.257735516414,124.8604576587677,96.95302677154541,214.39603233337402,245.72478532791138,0.0,1622.7109375,0.0,1.3032158613204956,5665.5625,5372.515625,-0.078125,0.0,-0.08219989063218236,293.046875,0.0,-59.02016830444336,630.9654853069414,47.01573124252774,0.20337486267089844,27.712123155593872,-2078.145899054438,27.90743088722229,-31.328752994537354,-1622.7109375,-1.3032158613204956,293.046875
182,181,0.5390625,0.5703125,0.0,0.0,0.005462354980409145,0.0878094807267189,5408.09375,5245.8125,7168.0,7168.0,100.41619563102722,125.66843914985657,861.7086064278617,667.8924363810386,71.38290745786018,57.03898328403947,20.04917025566101,20.04979395866394,101.69772863388062,77.08969068527222,6999.841683414364,8964.830366507516,121.98018765449524,97.37393641471863,242.2107129096985,242.91812539100647,0.0,1595.421875,0.0,1.3188796043395996,5408.09375,5245.8125,-0.03125,0.0,-0.08234712574630976,162.28125,0.0,-25.252243518829346,193.81617004682312,14.343924173820717,-0.0006237030029296875,24.6080379486084,-1964.9886830931528,24.60625123977661,-0.7074124813079834,-1595.421875,-1.3188796043395996,162.28125
183,182,0.484375,0.5,0.0,0.0,0.005822153761982918,0.09401750564575195,5265.0625,4972.2890625,7168.0,7168.0,90.86167311668396,123.16102910041809,927.1345894304441,645.9561565950729,78.8891482417994,58.20022820819112,18.9018657207489,18.432043075561523,97.6961898803711,70.537930727005,7117.984855412649,9327.251213907775,116.8300724029541,89.20469379425049,227.7423713207245,233.6659231185913,0.0,1612.6015625,0.0,1.0845253467559814,5265.0625,4972.2890625,-0.015625,0.0,-0.08819535188376904,292.7734375,0.0,-32.29935598373413,281.17843283537115,20.688920033608284,0.46982264518737793,27.15825915336609,-2209.266358495126,27.625378608703613,-5.923551797866821,-1612.6015625,-1.0845253467559814,292.7734375
184,183,0.65625,0.671875,0.0,0.0,0.005484824068844318,0.0701482743024826,5251.0546875,5049.8359375,7168.0,7168.0,98.7365562915802,122.7438108921051,850.9196406636736,658.260277343213,72.59722507266798,58.39805647146521,19.40987753868103,18.88925838470459,98.64990520477295,72.65618443489075,7023.372182282419,9181.585919885543,118.29294657707214,91.77870059013367,237.0756175518036,234.61360383033752,0.0,1261.5,0.0,1.156051516532898,5251.0546875,5049.8359375,-0.015625,0.0,-0.06466345023363829,201.21875,0.0,-24.007254600524902,192.65936332046056,14.199168601202771,0.5206191539764404,25.993720769882202,-2158.213737603124,26.514245986938477,2.4620137214660645,-1261.5,-1.156051516532898,201.21875
185,184,0.703125,0.75,0.0,0.0,0.00688868947327137,0.0858069583773613,4572.8359375,4196.4140625,7168.0,7168.0,100.64796948432922,109.86012601852417,726.9433787374296,611.1646457485283,71.2185256863632,65.24660274639919,16.80819296836853,15.110971450805664,85.35909533500671,58.061530351638794,7047.62623876223,9531.216222659903,102.39770197868347,73.40410041809082,223.0101833343506,203.28187441825867,0.0,1190.8125,0.0,0.9265007972717285,4572.8359375,4196.4140625,-0.046875,0.0,-0.07891826890408993,376.421875,0.0,-9.212156534194946,115.77873298890131,5.971922939964003,1.6972215175628662,27.29756498336792,-2483.589983897673,28.99360156059265,19.72830891609192,-1190.8125,-0.9265007972717285,376.421875
186,185,0.65625,0.671875,0.0,0.0,0.00620269775390625,0.09702479839324951,5768.7265625,5332.2109375,7168.0,7168.0,86.79524326324463,127.22493600845337,1063.4180115154575,670.5868965367865,82.5851709207139,56.34115626140875,22.107658624649048,21.04645085334778,111.22637701034546,80.3336443901062,6829.432194211868,8760.202594352506,133.56717896461487,101.6150631904602,240.42227506637573,248.94965720176697,0.0,1691.625,0.0,1.315413475036621,5768.7265625,5332.2109375,-0.015625,0.0,-0.09082210063934326,436.515625,0.0,-40.42969274520874,392.83111497867094,26.244014659305158,1.0612077713012695,30.892732620239258,-1930.7704001406382,31.952115774154663,-8.527382135391235,-1691.625,-1.315413475036621,436.515625
187,186,0.53125,0.625,0.0,0.0,0.006593992467969656,0.09728845208883286,5422.796875,5083.6640625,7168.0,7168.0,91.34980463981628,122.77615427970886,949.8077236410661,662.4952986774141,78.4676007602069,58.38267245013921,19.94192409515381,18.448948860168457,101.72507691383362,70.9775002002716,7048.70442720197,9490.627284692991,121.89726567268372,89.65934252738953,234.39667963981628,232.51415181159973,0.0,1745.09375,0.0,1.1388708353042603,5422.796875,5083.6640625,-0.09375,0.0,-0.0906944596208632,339.1328125,0.0,-31.426349639892578,287.312424963652,20.084928310067696,1.4929752349853516,30.74757671356201,-2441.922857491021,32.23792314529419,1.8825278282165527,-1745.09375,-1.1388708353042603,339.1328125
188,187,0.7890625,0.8515625,0.0,0.0,0.007516460493206978,0.09868721663951874,4810.21875,4077.2265625,7168.0,7168.0,83.40718722343445,107.71118474006653,922.744220996533,605.6532119429337,85.9398361054675,66.54833495052664,19.823633909225464,16.029191970825195,94.91748237609863,61.389888048172,6709.9546264448445,8846.228870361509,114.96934819221497,77.652179479599,218.52576684951782,205.3826642036438,0.0,1319.4921875,0.0,1.0736347436904907,4810.21875,4077.2265625,-0.0625,0.0,-0.09117075614631176,732.9921875,0.0,-24.30399751663208,317.09100905359935,19.39150115494087,3.7944419384002686,33.527594327926636,-2136.274243916664,37.31716871261597,13.143102645874023,-1319.4921875,-1.0736347436904907,732.9921875
189,188,0.546875,0.6171875,0.0,0.0,0.005758625455200672,0.089149110019207,5729.4921875,5263.5546875,7168.0,7168.0,80.25988721847534,124.95779299736023,1142.187936926202,673.962567518931,89.30986883258377,57.363369086963836,20.667495489120483,19.678616046905518,106.18293237686157,75.61945247650146,7078.793014797095,9151.177075965199,127.08278155326843,95.53341603279114,227.7545416355133,240.5648455619812,0.0,1554.7890625,0.0,1.2373532056808472,5729.4921875,5263.5546875,-0.0703125,0.0,-0.08339048456400633,465.9375,0.0,-44.69790577888489,468.22536940727093,31.94649974561994,0.9888794422149658,30.563479900360107,-2072.3840611681044,31.549365520477295,-12.810303926467896,-1554.7890625,-1.2373532056808472,465.9375
190,189,0.578125,0.625,0.0,0.0,0.007480373606085777,0.09731416404247284,4935.3671875,4651.9140625,7168.0,7168.0,92.43439769744873,116.74382734298706,854.2910103494895,637.5551212770063,77.5468892377263,61.39939184057075,18.18415641784668,17.67472743988037,91.87903690338135,67.72187399864197,7055.004295284952,9035.854501195152,110.29376649856567,85.63142013549805,222.88795471191406,222.17599606513977,0.0,1529.5390625,0.0,1.0571945905685425,4935.3671875,4651.9140625,-0.046875,0.0,-0.08983379043638706,283.453125,0.0,-24.30942964553833,216.73588907248325,16.147497397155554,0.5094289779663086,24.15716290473938,-1980.8502059102002,24.662346363067627,0.711958646774292,-1529.5390625,-1.0571945905685425,283.453125
191,190,0.59375,0.59375,0.0,0.0,0.005703936330974102,0.08725302666425705,5423.9296875,5074.9375,7168.0,7168.0,90.87448644638062,122.66072130203247,954.9751354160904,661.9804541998445,78.8780248483648,58.437614942357484,20.64192533493042,18.55211853981018,101.51350927352905,71.03157424926758,7026.2076949593775,9412.49024910769,122.38653779029846,89.82078385353088,233.48044180870056,232.47952270507812,0.0,1528.4296875,0.0,1.1296298503875732,5423.9296875,5074.9375,0.0,0.0,-0.08154909033328295,348.9921875,0.0,-31.786234855651855,292.9946812162459,20.440409906007318,2.0898067951202393,30.481935024261475,-2386.2825541483126,32.56575393676758,1.0009191036224365,-1528.4296875,-1.1296298503875732,348.9921875
192,191,0.8828125,0.8515625,0.0,0.0,0.006961008533835411,0.09257376194000244,4015.7109375,3694.8515625,7168.0,7168.0,86.77899289131165,101.52577590942383,740.402404536696,582.2917822636663,82.6006359508888,70.60276009508095,15.857937097549438,13.633776903152466,77.67614030838013,52.20889163017273,6837.144558052968,9385.623496301348,93.76181054115295,66.0728325843811,200.44081568717957,187.56453680992126,0.0,1225.84375,0.0,0.8284182548522949,4015.7109375,3694.8515625,0.03125,0.0,-0.08561275340616703,320.859375,0.0,-14.746783018112183,158.11062227302978,11.997875855807848,2.2241601943969727,25.467248678207397,-2548.4789382483805,27.68897795677185,12.8762788772583,-1225.84375,-0.8284182548522949,320.859375
193,192,0.5546875,0.5703125,0.0,0.0,0.005630863830447197,0.08972897380590439,5877.90625,5509.0,7168.0,7168.0,80.89750719070435,127.89293718338013,1162.5389120866082,689.2014675807636,88.60594410038448,56.04687919335308,21.690247535705566,22.26463222503662,110.56558680534363,85.70121765136719,7011.693442778636,8495.00182088003,132.48674988746643,108.20107650756836,233.42190027236938,256.1653161048889,0.0,1781.4296875,0.0,1.212493896484375,5877.90625,5509.0,-0.015625,0.0,-0.08409810997545719,368.90625,0.0,-46.99542999267578,473.3374445058446,32.5590649070314,-0.5743846893310547,24.86436915397644,-1483.3083781013938,24.28567337989807,-22.74341583251953,-1781.4296875,-1.212493896484375,368.90625
194,193,0.765625,0.71875,0.0,0.0,0.007334624417126179,0.08738933503627777,4402.953125,4080.7109375,7168.0,7168.0,102.8233597278595,107.43995428085327,685.1288480210267,607.7010683504683,69.71178552200006,66.7163351658034,16.710018157958984,15.108401775360107,83.78855204582214,59.39078092575073,6924.597523569808,9074.724925300978,100.72804236412048,74.7322461605072,223.48343968391418,202.0305461883545,0.0,1243.03125,0.0,0.9733513593673706,4402.953125,4080.7109375,0.046875,0.0,-0.08005471061915159,322.2421875,0.0,-4.616594552993774,77.42777967055838,2.995450356196656,1.601616382598877,24.39777112007141,-2150.12740173117,25.99579620361328,21.452893495559692,-1243.03125,-0.9733513593673706,322.2421875
195,194,0.5546875,0.6328125,0.0,0.0,0.006384504958987236,0.10102255642414093,5770.7265625,5026.703125,7168.0,7168.0,77.09203386306763,121.59152936935425,1197.6804913981284,661.4543826954344,92.9797754814971,58.95147496850724,21.492231369018555,19.96917200088501,108.7973051071167,76.51310443878174,6944.115015129918,8629.449881075992,130.52270412445068,96.71688199043274,228.44471406936646,238.51559209823608,0.0,1700.21875,0.0,1.2050923109054565,5770.7265625,5026.703125,-0.078125,0.0,-0.0946380514651537,744.0234375,0.0,-44.49949550628662,536.226108702694,34.02830051298986,1.523059368133545,32.28420066833496,-1685.3348659460744,33.805822134017944,-10.070878028869629,-1700.21875,-1.2050923109054565,744.0234375
196,195,0.6328125,0.6171875,0.0,0.0,0.006373968441039324,0.0860247015953064,5301.7734375,4922.8046875,7168.0,7168.0,88.96092009544373,121.05214977264404,953.5465113106965,650.6689484485279,80.57470620031414,59.21414872402258,19.765584230422974,18.57990074157715,100.15573048591614,71.07862114906311,6956.396769508589,9119.69013355775,120.15293955802917,89.89162278175354,229.14160585403442,231.02637767791748,0.0,1409.9375,0.0,1.070340633392334,5301.7734375,4922.8046875,0.015625,0.0,-0.07965073315426707,378.96875,0.0,-32.09122967720032,302.8775628621686,21.36055747629156,1.1856834888458252,29.077109336853027,-2163.29336404916,30.261316776275635,-1.8847718238830566,-1409.9375,-1.070340633392334,378.96875
197,196,0.5703125,0.7265625,0.0,0.0,0.0062720924615859985,0.09767310321331024,5858.828125,5461.0703125,7168.0,7168.0,80.3999936580658,128.59631896018982,1165.9360372424085,679.4683215392017,89.15423588818778,55.740320235908406,20.461572408676147,20.98047113418579,106.74586939811707,80.28418755531311,7180.512035939448,8913.050275398147,127.44043827056885,101.49879288673401,228.04050636291504,250.18563795089722,0.0,1685.078125,0.0,1.347341775894165,5858.828125,5461.0703125,-0.15625,0.0,-0.09140101075172424,397.7578125,0.0,-48.19632530212402,486.46771570320675,33.41391565227938,-0.5188987255096436,26.461681842803955,-1732.5382394586995,25.94164538383484,-22.145131587982178,-1685.078125,-1.347341775894165,397.7578125
198,197,0.5390625,0.515625,0.0,0.0,0.00653450284153223,0.10149289667606354,5699.171875,5458.5703125,7168.0,7168.0,85.4747097492218,131.73052263259888,1066.8272553078803,662.9983944084573,83.86106277553355,54.41411646101039,20.83823013305664,20.570802927017212,106.32076525688171,78.68702626228333,7061.104180224168,9149.475259113811,127.39283514022827,99.4967999458313,232.94275736808777,251.18184208869934,0.0,1854.5859375,0.0,1.2048883438110352,5699.171875,5458.5703125,0.0234375,0.0,-0.09495839383453131,240.6015625,0.0,-46.255812883377075,403.8288608994229,29.446946314523167,0.2674272060394287,27.63373899459839,-2088.3710788896433,27.896035194396973,-18.239084720611572,-1854.5859375,-1.2048883438110352,240.6015625
199,198,0.6875,0.7578125,0.0,0.0,0.005708303768187761,0.08797280490398407,5785.21875,5399.4765625,7168.0,7168.0,84.42073655128479,125.14704012870789,1096.4545416370368,690.3209609364333,84.90804857696911,57.27662430232506,21.827643871307373,21.831876754760742,109.62449431419373,84.11970949172974,6918.709224109942,8429.475140659086,131.6857123374939,106.18678879737854,236.26299238204956,251.58984184265137,0.0,1618.5546875,0.0,1.3052937984466553,5785.21875,5399.4765625,-0.0703125,0.0,-0.08226450113579631,385.7421875,0.0,-40.726303577423096,406.1335807006035,27.631424274644047,-0.004232883453369141,25.50478482246399,-1510.765916549144,25.498923540115356,-15.326849460601807,-1618.5546875,-1.3052937984466553,385.7421875
200,199,0.71875,0.6640625,0.0,0.0,0.005850364454090595,0.08289980888366699,5046.34375,4857.8359375,7168.0,7168.0,88.92592549324036,120.7709755897522,907.9635612691769,643.5766095326239,80.60641438637454,59.352008750422215,18.37946653366089,17.374534130096436,93.44398784637451,67.09266662597656,7111.639981509877,9545.171360830205,112.05668258666992,84.69973540306091,221.28256177902222,225.4642369747162,0.0,1475.9765625,0.0,1.1711537837982178,5046.34375,4857.8359375,0.0546875,0.0,-0.0770494444295764,188.5078125,0.0,-31.84505009651184,264.386951736553,21.254405635952324,1.0049324035644531,26.35132122039795,-2433.5313793203286,27.35694718360901,-4.18167519569397,-1475.9765625,-1.1711537837982178,188.5078125
